nym,domain,item,rating,num_votes
3,spotify.com,4xp6O8cMjMZiIn0TrNC3ji,5.00,26
3,spotify.com,4VqPOruhp5EdPBeR92t6lQ,4.98,62
3,spotify.com,1ZwuLFPka2ijOPaBersU6K,4.97,75
3,spotify.com,5PA8Hmk8Iah53tMzxxrznn,4.96,10
3,spotify.com,3kVRKixPYEjrerKc0MZPdK,4.95,73
3,spotify.com,2TYC9SaRhYypUQzB1ZVTG2,4.94,119
3,spotify.com,6KIb8bMOyN7pFplT0M3ffA,4.93,53
3,spotify.com,1zOaxkbS1kAY1gIi0g8sOm,4.92,44
3,spotify.com,14UFeUG8RCx1XwSuGF9Tcs,4.91,76
3,spotify.com,5dKBaysNJtfpyNTRa5lqDb,4.88,57
3,spotify.com,52TSjnEfXo40EzuylAhf6k,4.87,58
3,spotify.com,7dsSXKdehlHtTPwL1KUbvY,4.86,82
3,spotify.com,5ah63mDLedBAPJrPCxhtt5,4.85,96
3,spotify.com,4I2GqMe7L2ccMpUbnDzYLH,4.84,51
3,spotify.com,4LPUilkROHl6rI9uTytN9h,4.83,36
3,spotify.com,6HNruFQlzQx4ulL4ppRLYI,4.82,48
3,spotify.com,0DCdMiGUOlZM8YRRF2kzR7,4.80,68
3,spotify.com,7aTt1NuTHTGxgr16CKIH0U,4.79,40
3,spotify.com,3e5rEt48191MwuHWBDwOcZ,4.78,41
3,spotify.com,1ExW9geJzAZZH0xzsWvCcw,4.77,40
3,spotify.com,4IrmWy6NFy5kpZC01rWcRx,4.76,39
3,spotify.com,0mWiuXuLAJ3Brin3Or2x6v,4.75,37
3,spotify.com,0qNAiA1JEOPxcWP3KB4nsB,4.74,89
3,spotify.com,0InFAWpnO2z5ZcO2zJUtIH,4.73,46
3,spotify.com,2M9ULmQwTaTGmAdXaXpfz5,4.71,81
3,spotify.com,39sUeHQoIGY6BEIcgTMRXW,4.70,47
3,spotify.com,1NyFRrFiJAJIaR6icj1goI,4.69,33
3,spotify.com,0KgciKBUO7Wl18eX4Ldhq7,4.67,40
3,spotify.com,1bq6XxdA59f5qJS5mw67Sc,4.66,35
3,spotify.com,4zjJXRSu4u8rfQxkPMK07o,4.65,53
3,spotify.com,5vQXxfGn1bjv5WESrYVVpw,4.64,82
3,spotify.com,1r1eut6GuXFFDbX0vd9NPv,4.63,86
3,spotify.com,2tAIjFvRlHjP64J0DKWPJW,4.62,68
3,spotify.com,2PcMytOXfhvDm5XaXn8SPQ,4.61,59
3,spotify.com,4xT0Y1EOq5mwTI7Wm3GK6O,4.60,35
3,spotify.com,2cSEVjG12sTBjXVJK0SF7Z,4.59,71
3,spotify.com,0VZ9xPNa6ROafP6GYYuv2S,4.58,86
3,spotify.com,2ffmPvnKZQqAOAEUo5Klpu,4.57,86
3,spotify.com,4MOHOrZFnYeNcSGSl6UyPn,4.56,46
3,spotify.com,7w2vKDHjOCd9B7M5lGBYn5,4.53,33
3,spotify.com,6UxEOR3EzHo5YXzE1f12v9,4.52,66
3,spotify.com,5a8PsqWOuGh7FR1tC6UKUs,4.50,59
3,spotify.com,7IRtnqwBAUDuOsIlUSlQ7h,4.49,69
3,spotify.com,0zVcgA0ug30pW6hBXtXKUL,4.48,61
3,spotify.com,6pB1MSK6zXn2Hi3P2lRjgP,4.47,18
3,spotify.com,6bsVfiqCFmdUJk0GtGd0R5,4.46,32
3,spotify.com,576hBTV6sFsLOpoEaqW1Jv,4.45,61
3,spotify.com,7qdtmrXxaK0XR8AEeG1d0F,4.44,70
3,spotify.com,6MrkFuXDTqWdrRJi3MyrE0,4.43,44
3,spotify.com,7GKz0H7kpekx07I5WCMDGJ,4.42,51
3,spotify.com,2lwwrWVKdf3LR9lbbhnr6R,4.41,70
3,spotify.com,5wBB0bSW7UOPUqma2gi9TZ,4.40,40
3,spotify.com,0rTZNOc6MUHU68agVQ672b,4.39,28
3,spotify.com,6jLGsYXIhfmWkqf0N3cxOF,4.38,68
3,spotify.com,4ar5OP7pkWN4BYGqW3GzTJ,4.37,46
3,spotify.com,3b8HFl9IaZp95TNPmCf0B2,4.36,41
3,spotify.com,3HOxJ3ZX23eTXXxLjrXNbY,4.35,36
3,spotify.com,5MxNLUsfh7uzROypsoO5qe,4.34,44
3,spotify.com,1vcxF91pWs9uNwDROuiCPB,4.33,50
3,spotify.com,4vTcPHQlE3zTULythSilu0,4.32,39
3,spotify.com,0y2IOSoxpgGJ3KZDrmat9p,4.31,57
3,spotify.com,6orRbaAgk8QyiXthlxsMnh,4.30,66
3,spotify.com,7qOPap76B81KypLVabU8cQ,4.29,23
3,spotify.com,5q2hniehVCcIbVL4efDCMY,4.28,84
3,spotify.com,7IdznjcKCOWhydUH02Istz,4.27,63
3,spotify.com,13o0DRf89gTEHrxL31Gh09,4.26,61
3,spotify.com,7FG74DheH8HaSXOS4OeQWj,4.25,46
3,spotify.com,2LTl1pU074hnzAdy0SpHAb,4.24,109
3,spotify.com,2Ygs64z9ywJGakuKU8tr6o,4.23,114
3,spotify.com,1umy8LK9rPrGCQTtPLYE3t,4.21,46
3,spotify.com,2WS86pNg8bPqjNECmgQVEM,4.20,11
3,spotify.com,3w2o5tO1ThThRQUlPDgxqd,4.18,39
3,spotify.com,11RmaYMwhL2noFcwjKvSZd,4.16,33
3,spotify.com,2dgyv3NrDuKx0pc1E79Icb,4.15,44
3,spotify.com,22sfUgqzYlgZy9ngBn8pnp,4.14,33
3,spotify.com,3Php57hoHQTcjQwFUWTNQ6,4.13,22
3,spotify.com,5nHRIKsXDwUpse9gzrAxLR,4.12,45
3,spotify.com,3jqFydCMZUOO1evtCsoKJH,4.11,78
3,spotify.com,7EYR17bHR2ZkJ8o2mKSJDU,4.10,56
3,spotify.com,1CRDfNPQbtCGcqeAAgBGdW,4.08,39
3,spotify.com,3e0wYnFxkqinmtXebYPMSt,4.07,93
3,spotify.com,4zweVv3Wa6XgexhoUOzkYs,4.06,141
3,spotify.com,4fqej7naoDXIuulGZtjl1h,4.05,77
3,spotify.com,1Q7apbyCNuDbZbd618dLtT,4.04,66
3,spotify.com,5kD9T7GForh8LnRz5ClbL8,4.03,56
3,spotify.com,0Q5YtY85lz5n7rQkeMNpoe,4.02,44
3,spotify.com,7lJcj7F7GuDye26vYSk1bM,4.00,59
3,spotify.com,1ogUJHv5Nu9S6yC2Cv6Pvh,3.98,41
3,spotify.com,4yAVpNElPk8ml1zGwxtwxv,3.96,50
3,spotify.com,5AYXWbqQQsWr5c9ueY7ZAY,3.93,28
3,spotify.com,1RC7fHf78Ky6MXU9JKQaJG,3.92,20
3,spotify.com,44HBcWA1jp22uKjKbwZd7Z,3.90,42
3,spotify.com,1qfYG2JrchEyJiqKnkE7YQ,3.86,32
3,spotify.com,2MKqIFvHseB2VZgpdQdKsu,3.85,37
3,spotify.com,6zc7xLlx5rrEUgIuGa7DoR,3.83,66
3,spotify.com,6GTmGEAiR9pyWN5f1lgXSt,3.82,56
3,spotify.com,0cs7BfenkAuxTVJv96KMme,3.81,58
3,spotify.com,22u5G8OqJ79IDaAJ269hZr,3.80,26
3,spotify.com,10ViidwjGLCfVtGPfdcszR,3.79,64
3,spotify.com,6ysDdhGjIdcoBPdn3zXQOp,3.77,16
3,spotify.com,742elOBEMLPUtaGDumo5Qz,3.76,41
3,spotify.com,17PwbYemqwgiOFg0boOFru,3.75,23
3,spotify.com,1pKYYY0dkg23sQQXi0Q5zN,3.72,35
3,spotify.com,1zlXCEdVDBptIuMU8vqRnR,3.71,48
3,spotify.com,6MI9unN5nm2KlfS0QUjOoe,3.70,45
3,spotify.com,2HwbtJXoVRn0DziJWKGl1e,3.69,170
3,spotify.com,0gOyllwzM7IvfuYZ903zNv,3.68,28
3,spotify.com,69ciJGpXr2UZy3yEnUurbr,3.67,30
3,spotify.com,4QbpBv2ka7Zpbrrl5QFAgy,3.66,55
3,spotify.com,2gIVqrC5BG8BMeO9r1qtCr,3.65,31
3,spotify.com,5CGRCPBsqQWs6y5gYVKufI,3.64,41
3,spotify.com,42hwjij0VmBP3ngqoTrmvl,3.63,51
3,spotify.com,00t8f0jxCP556HvIoMulCZ,3.62,26
3,spotify.com,4WEqIwv2qr1UwTW468SRuw,3.60,33
3,spotify.com,15wMCb6SftEF9EomcHff8A,3.59,139
3,spotify.com,1edBcTyZqUmrQ7SriwJzof,3.58,25
3,spotify.com,6JM3Xc5AxYojZ4HHpgHN49,3.57,110
3,spotify.com,24H5KPBdSvHQMRXTp12K3J,3.56,40
3,spotify.com,7eEXXED3AUJErvOSx9quZV,3.54,34
3,spotify.com,0KAFDq0iB2AII9PDhTHqNd,3.52,38
3,spotify.com,5GFnWMlpGcjhYi7jWOy7Tw,3.51,27
3,spotify.com,48Gp6fl66YhMrA1lmMWiVb,3.50,28
3,spotify.com,3EPZ5tHpCNueKcXmvXEDxi,3.49,45
3,spotify.com,2p0RE2pkZMajUQmg2M12jY,3.47,32
3,spotify.com,4cSDT1GU3j03RXyChkz2rJ,3.43,23
3,spotify.com,2LlQb7Uoj1kKyGhlkBf9aC,3.42,32
3,spotify.com,5AiKsq5yODZxY12eykbDGV,3.41,12
3,spotify.com,7968fxC9GmlqTiYRXT499O,3.39,52
3,spotify.com,0pjOjoHMJrerHhiXNRs3GK,3.37,45
3,spotify.com,4DYlTnsandJuDRseG6OE6t,3.35,22
3,spotify.com,3IEoRn7T3yFXgs6XOWwlxv,3.34,12
3,spotify.com,5vYA1mW9g2Coh1HUFUSmlb,3.33,21
3,spotify.com,3ZBSXNYdTZVaBUQI3E2rF6,3.32,16
3,spotify.com,2jGnBsAuN0ikLI1axJYl8J,3.31,20
3,spotify.com,1SMgZW8HYAtbdp6Lvv4UqS,3.29,15
3,spotify.com,3O0GhCffP8h9ESrM0qrnu2,3.28,9
3,spotify.com,78DAnFAmuBbekO4LeuhRkR,3.27,26
3,spotify.com,2U0nJXcSulAYNoPA6fTIfZ,3.24,15
3,spotify.com,17xqcnBW4CdV6ARXLrKHWy,3.22,54
3,spotify.com,2kbAFQ30mjhn1KulfJB7Vk,3.21,36
3,spotify.com,3lbx13YshETqbBolc9Hc14,3.18,18
3,spotify.com,1iPvdHIQQSNJ4iRm92Bcbx,3.16,21
3,spotify.com,3Pbm75H42VmJcWNkPKOvIx,3.15,8
3,spotify.com,1gS9gftIanh1oMvqwX2YKy,3.13,14
3,spotify.com,2BOeCUehEgKBNBDW2wo6pd,3.12,20
3,spotify.com,0mjfUtv8J0qmesRERYBivH,3.11,9
14,spotify.com,2PcMytOXfhvDm5XaXn8SPQ,5.00,230
14,spotify.com,5q2hniehVCcIbVL4efDCMY,4.99,404
14,spotify.com,4yAVpNElPk8ml1zGwxtwxv,4.98,197
14,spotify.com,2cSEVjG12sTBjXVJK0SF7Z,4.97,273
14,spotify.com,4VQu1ooCteGDynSZYUgvT4,4.96,155
14,spotify.com,6orRbaAgk8QyiXthlxsMnh,4.94,305
14,spotify.com,0DCdMiGUOlZM8YRRF2kzR7,4.93,262
14,spotify.com,2LTl1pU074hnzAdy0SpHAb,4.92,433
14,spotify.com,0zVcgA0ug30pW6hBXtXKUL,4.91,313
14,spotify.com,6HNruFQlzQx4ulL4ppRLYI,4.90,194
14,spotify.com,2TYC9SaRhYypUQzB1ZVTG2,4.89,468
14,spotify.com,4zjJXRSu4u8rfQxkPMK07o,4.88,207
14,spotify.com,5ah63mDLedBAPJrPCxhtt5,4.87,373
14,spotify.com,57bJXivj8NfICIzPgNr08Z,4.86,152
14,spotify.com,2ffmPvnKZQqAOAEUo5Klpu,4.85,344
14,spotify.com,2M9ULmQwTaTGmAdXaXpfz5,4.84,297
14,spotify.com,2tAIjFvRlHjP64J0DKWPJW,4.83,317
14,spotify.com,3jqFydCMZUOO1evtCsoKJH,4.82,327
14,spotify.com,5a8PsqWOuGh7FR1tC6UKUs,4.81,211
14,spotify.com,7GKz0H7kpekx07I5WCMDGJ,4.80,202
14,spotify.com,4MOHOrZFnYeNcSGSl6UyPn,4.79,176
14,spotify.com,52TSjnEfXo40EzuylAhf6k,4.78,220
14,spotify.com,6zc7xLlx5rrEUgIuGa7DoR,4.77,278
14,spotify.com,0KAFDq0iB2AII9PDhTHqNd,4.75,150
14,spotify.com,5rb9QrpfcKFHM1EUbSIurX,4.74,161
14,spotify.com,7FG74DheH8HaSXOS4OeQWj,4.73,178
14,spotify.com,6GTmGEAiR9pyWN5f1lgXSt,4.72,254
14,spotify.com,3e0wYnFxkqinmtXebYPMSt,4.71,413
14,spotify.com,4xp6O8cMjMZiIn0TrNC3ji,4.70,139
14,spotify.com,1umy8LK9rPrGCQTtPLYE3t,4.69,191
14,spotify.com,31Q9ZTF9x81BDonlObCbvP,4.68,206
14,spotify.com,13o0DRf89gTEHrxL31Gh09,4.67,226
14,spotify.com,7qdtmrXxaK0XR8AEeG1d0F,4.66,292
14,spotify.com,6KIb8bMOyN7pFplT0M3ffA,4.65,233
14,spotify.com,0rTZNOc6MUHU68agVQ672b,4.64,157
14,spotify.com,2dgyv3NrDuKx0pc1E79Icb,4.63,185
14,spotify.com,2UZ6MDDg3y5fTAzQU3YYfo,4.62,200
14,spotify.com,6UxEOR3EzHo5YXzE1f12v9,4.61,287
14,spotify.com,44HBcWA1jp22uKjKbwZd7Z,4.60,181
14,spotify.com,4VqPOruhp5EdPBeR92t6lQ,4.59,283
14,spotify.com,1lKBe4bDNB61QkvZjPBYxJ,4.58,175
14,spotify.com,0VZ9xPNa6ROafP6GYYuv2S,4.57,325
14,spotify.com,6MrkFuXDTqWdrRJi3MyrE0,4.55,176
14,spotify.com,4IrmWy6NFy5kpZC01rWcRx,4.54,216
14,spotify.com,0Q5YtY85lz5n7rQkeMNpoe,4.53,206
14,spotify.com,7EYR17bHR2ZkJ8o2mKSJDU,4.52,203
14,spotify.com,0cs7BfenkAuxTVJv96KMme,4.51,208
14,spotify.com,39sUeHQoIGY6BEIcgTMRXW,4.50,207
14,spotify.com,5vQXxfGn1bjv5WESrYVVpw,4.49,347
14,spotify.com,4C9aSjmemop5rXMh5gsRwe,4.48,126
14,spotify.com,3EPZ5tHpCNueKcXmvXEDxi,4.47,193
14,spotify.com,1ZwuLFPka2ijOPaBersU6K,4.46,316
14,spotify.com,14UFeUG8RCx1XwSuGF9Tcs,4.45,319
14,spotify.com,2MKqIFvHseB2VZgpdQdKsu,4.43,205
14,spotify.com,4I2GqMe7L2ccMpUbnDzYLH,4.42,238
14,spotify.com,2Ygs64z9ywJGakuKU8tr6o,4.41,415
14,spotify.com,3kVRKixPYEjrerKc0MZPdK,4.39,288
14,spotify.com,7IRtnqwBAUDuOsIlUSlQ7h,4.38,290
14,spotify.com,1r1eut6GuXFFDbX0vd9NPv,4.37,355
14,spotify.com,4fqej7naoDXIuulGZtjl1h,4.35,332
14,spotify.com,1Q7apbyCNuDbZbd618dLtT,4.34,241
14,spotify.com,6jLGsYXIhfmWkqf0N3cxOF,4.33,323
14,spotify.com,7dsSXKdehlHtTPwL1KUbvY,4.32,262
14,spotify.com,576hBTV6sFsLOpoEaqW1Jv,4.31,285
14,spotify.com,1zOaxkbS1kAY1gIi0g8sOm,4.30,159
14,spotify.com,5kD9T7GForh8LnRz5ClbL8,4.28,183
14,spotify.com,1yjFanv1lKhZeh6XiGHx3e,4.27,148
14,spotify.com,1NyFRrFiJAJIaR6icj1goI,4.26,178
14,spotify.com,4vTcPHQlE3zTULythSilu0,4.25,195
14,spotify.com,7aTt1NuTHTGxgr16CKIH0U,4.24,182
14,spotify.com,3HOxJ3ZX23eTXXxLjrXNbY,4.23,153
14,spotify.com,0y2IOSoxpgGJ3KZDrmat9p,4.22,257
14,spotify.com,1edBcTyZqUmrQ7SriwJzof,4.21,106
14,spotify.com,3e5rEt48191MwuHWBDwOcZ,4.20,187
14,spotify.com,4LPUilkROHl6rI9uTytN9h,4.19,256
14,spotify.com,4N5FWMoa2VWSr0vWcPlZPG,4.18,149
14,spotify.com,7lJcj7F7GuDye26vYSk1bM,4.17,226
14,spotify.com,1vcxF91pWs9uNwDROuiCPB,4.16,236
14,spotify.com,4ysiI2bYbXcGT8jMXEPQSk,4.15,101
14,spotify.com,42hwjij0VmBP3ngqoTrmvl,4.14,209
14,spotify.com,5dKBaysNJtfpyNTRa5lqDb,4.13,204
14,spotify.com,3w2o5tO1ThThRQUlPDgxqd,4.12,183
14,spotify.com,1ExW9geJzAZZH0xzsWvCcw,4.10,172
14,spotify.com,5MxNLUsfh7uzROypsoO5qe,4.09,182
14,spotify.com,4ar5OP7pkWN4BYGqW3GzTJ,4.08,208
14,spotify.com,5xK7K6C2Gpme46F9paZH1t,4.07,137
14,spotify.com,3zBBgJOyATAudTntFaP8sZ,4.06,133
14,spotify.com,7IdznjcKCOWhydUH02Istz,4.05,281
14,spotify.com,00UFNcpaJkD6J4UVp40IMM,4.04,42
14,spotify.com,0KgciKBUO7Wl18eX4Ldhq7,4.03,173
14,spotify.com,2lwwrWVKdf3LR9lbbhnr6R,4.02,343
14,spotify.com,7qOPap76B81KypLVabU8cQ,4.01,82
14,spotify.com,1zlXCEdVDBptIuMU8vqRnR,3.99,176
14,spotify.com,2mxd6wnlVwLyfm03OurmED,3.97,121
14,spotify.com,4QbpBv2ka7Zpbrrl5QFAgy,3.96,196
14,spotify.com,1bq6XxdA59f5qJS5mw67Sc,3.95,168
14,spotify.com,742elOBEMLPUtaGDumo5Qz,3.94,232
14,spotify.com,7nnWIPM5hwE3DaUBkvOIpy,3.93,144
14,spotify.com,0It6VJoMAare1zdV2wxqZq,3.91,163
14,spotify.com,0InFAWpnO2z5ZcO2zJUtIH,3.90,183
14,spotify.com,44oWUoJ61CgiH948b3pF6J,3.88,144
14,spotify.com,22sfUgqzYlgZy9ngBn8pnp,3.86,159
14,spotify.com,4zweVv3Wa6XgexhoUOzkYs,3.85,554
14,spotify.com,0ZEhlT9v8CdOKu55zhYGv9,3.84,122
14,spotify.com,48Gp6fl66YhMrA1lmMWiVb,3.83,122
14,spotify.com,4VeckXkbyYxp8bvJnocdLw,3.82,84
14,spotify.com,0g1o8gwJKmnIwrqigxjLUd,3.81,111
14,spotify.com,5BP0oaQ1VhuaznT77CBXQp,3.80,92
14,spotify.com,5CGRCPBsqQWs6y5gYVKufI,3.79,182
14,spotify.com,24H5KPBdSvHQMRXTp12K3J,3.78,126
14,spotify.com,5iW1BuP8SARrIz6rmSdibY,3.76,120
14,spotify.com,3b8HFl9IaZp95TNPmCf0B2,3.75,182
14,spotify.com,5MzjN4pg411OErJ1U2F3bj,3.72,96
14,spotify.com,4B6BzjDSurNtids9TU4jdE,3.69,81
14,spotify.com,0qNAiA1JEOPxcWP3KB4nsB,3.68,372
14,spotify.com,0PMgaQFz7F8gvbLJheLXPj,3.67,100
14,spotify.com,4VsfBEm21b3HQXd0wkfLTQ,3.66,47
14,spotify.com,5fQQDsc1SxPYADUTD2EV2N,3.65,95
14,spotify.com,6QuYC4Vcr3myWxZRJxg4NZ,3.64,104
14,spotify.com,10ViidwjGLCfVtGPfdcszR,3.63,276
14,spotify.com,1ogUJHv5Nu9S6yC2Cv6Pvh,3.62,206
14,spotify.com,1qfYG2JrchEyJiqKnkE7YQ,3.61,107
14,spotify.com,0Fghw1Ky3HNSvj04EtPrnf,3.60,77
14,spotify.com,0pjOjoHMJrerHhiXNRs3GK,3.59,147
14,spotify.com,6JM3Xc5AxYojZ4HHpgHN49,3.57,372
14,spotify.com,7968fxC9GmlqTiYRXT499O,3.53,206
14,spotify.com,1RC7fHf78Ky6MXU9JKQaJG,3.52,93
14,spotify.com,2HwbtJXoVRn0DziJWKGl1e,3.51,689
14,spotify.com,4WEqIwv2qr1UwTW468SRuw,3.50,130
14,spotify.com,11RmaYMwhL2noFcwjKvSZd,3.49,140
14,spotify.com,7eEXXED3AUJErvOSx9quZV,3.47,130
14,spotify.com,1CRDfNPQbtCGcqeAAgBGdW,3.46,136
14,spotify.com,2p0RE2pkZMajUQmg2M12jY,3.45,112
14,spotify.com,17xqcnBW4CdV6ARXLrKHWy,3.44,211
14,spotify.com,5wBB0bSW7UOPUqma2gi9TZ,3.38,142
14,spotify.com,2J1IxkhqZ2FnydAsvZjuhZ,3.33,75
14,spotify.com,4xT0Y1EOq5mwTI7Wm3GK6O,3.32,141
14,spotify.com,78DAnFAmuBbekO4LeuhRkR,3.29,101
14,spotify.com,2kbAFQ30mjhn1KulfJB7Vk,3.28,138
14,spotify.com,1Bq69dKQp8Kf3sMizZidaM,3.26,90
14,spotify.com,00QWKBxVaKanCHV9Oag6f1,3.24,78
14,spotify.com,76fdPbq1WO1wFUaUzUrCD8,3.22,38
14,spotify.com,2THkQauDWMvJgXFGPY4iKB,3.20,71
14,spotify.com,6MI9unN5nm2KlfS0QUjOoe,3.19,211
14,spotify.com,2LlQb7Uoj1kKyGhlkBf9aC,3.18,78
14,spotify.com,15wMCb6SftEF9EomcHff8A,3.17,491
14,spotify.com,6pB1MSK6zXn2Hi3P2lRjgP,3.14,54
14,spotify.com,3GpdNg7Krt9vjc6tgDoKe1,3.12,78
14,spotify.com,69ciJGpXr2UZy3yEnUurbr,3.11,73
14,spotify.com,3v9d3mqrggioOlEqa8niBS,3.08,44
14,spotify.com,3lbx13YshETqbBolc9Hc14,3.07,90
14,spotify.com,3hZtCzZtVULcdJkln9pm3l,3.06,104
14,spotify.com,5AiKsq5yODZxY12eykbDGV,3.04,60
14,spotify.com,3fWb2PiTt9MxZe4ixXjP4Y,3.02,9
14,spotify.com,2BOeCUehEgKBNBDW2wo6pd,3.01,75
10,spotify.com,4xp6O8cMjMZiIn0TrNC3ji,5.00,96
10,spotify.com,6orRbaAgk8QyiXthlxsMnh,4.99,167
10,spotify.com,5q2hniehVCcIbVL4efDCMY,4.98,253
10,spotify.com,4fqej7naoDXIuulGZtjl1h,4.97,210
10,spotify.com,7lJcj7F7GuDye26vYSk1bM,4.96,140
10,spotify.com,2TYC9SaRhYypUQzB1ZVTG2,4.95,257
10,spotify.com,5ah63mDLedBAPJrPCxhtt5,4.94,250
10,spotify.com,2MKqIFvHseB2VZgpdQdKsu,4.93,95
10,spotify.com,6HNruFQlzQx4ulL4ppRLYI,4.92,109
10,spotify.com,1zOaxkbS1kAY1gIi0g8sOm,4.90,85
10,spotify.com,5kD9T7GForh8LnRz5ClbL8,4.88,123
10,spotify.com,2lwwrWVKdf3LR9lbbhnr6R,4.87,182
10,spotify.com,42hwjij0VmBP3ngqoTrmvl,4.86,127
10,spotify.com,2LTl1pU074hnzAdy0SpHAb,4.85,231
10,spotify.com,6zc7xLlx5rrEUgIuGa7DoR,4.84,139
10,spotify.com,3e0wYnFxkqinmtXebYPMSt,4.83,208
10,spotify.com,4VQu1ooCteGDynSZYUgvT4,4.82,100
10,spotify.com,3b8HFl9IaZp95TNPmCf0B2,4.81,101
10,spotify.com,6jLGsYXIhfmWkqf0N3cxOF,4.80,155
10,spotify.com,2POxgf3UEPcTDAzlR0Ob7X,4.79,80
10,spotify.com,3jqFydCMZUOO1evtCsoKJH,4.78,169
10,spotify.com,2ffmPvnKZQqAOAEUo5Klpu,4.77,197
10,spotify.com,5BP0oaQ1VhuaznT77CBXQp,4.76,71
10,spotify.com,2tAIjFvRlHjP64J0DKWPJW,4.75,170
10,spotify.com,2gIVqrC5BG8BMeO9r1qtCr,4.74,96
10,spotify.com,0zVcgA0ug30pW6hBXtXKUL,4.73,166
10,spotify.com,2Ygs64z9ywJGakuKU8tr6o,4.72,248
10,spotify.com,57bJXivj8NfICIzPgNr08Z,4.71,105
10,spotify.com,4VqPOruhp5EdPBeR92t6lQ,4.70,166
10,spotify.com,31Q9ZTF9x81BDonlObCbvP,4.69,115
10,spotify.com,0KgciKBUO7Wl18eX4Ldhq7,4.68,97
10,spotify.com,3kVRKixPYEjrerKc0MZPdK,4.67,181
10,spotify.com,7IRtnqwBAUDuOsIlUSlQ7h,4.66,185
10,spotify.com,5dKBaysNJtfpyNTRa5lqDb,4.65,120
10,spotify.com,4LPUilkROHl6rI9uTytN9h,4.64,143
10,spotify.com,0Q5YtY85lz5n7rQkeMNpoe,4.63,134
10,spotify.com,0rTZNOc6MUHU68agVQ672b,4.62,97
10,spotify.com,1vcxF91pWs9uNwDROuiCPB,4.61,123
10,spotify.com,2dgyv3NrDuKx0pc1E79Icb,4.60,114
10,spotify.com,39sUeHQoIGY6BEIcgTMRXW,4.59,116
10,spotify.com,0InFAWpnO2z5ZcO2zJUtIH,4.58,123
10,spotify.com,2cSEVjG12sTBjXVJK0SF7Z,4.55,170
10,spotify.com,5oidljiMjeJTWUGZ4TfFea,4.54,85
10,spotify.com,6KIb8bMOyN7pFplT0M3ffA,4.53,131
10,spotify.com,13o0DRf89gTEHrxL31Gh09,4.52,146
10,spotify.com,4N5FWMoa2VWSr0vWcPlZPG,4.51,94
10,spotify.com,44oWUoJ61CgiH948b3pF6J,4.50,73
10,spotify.com,7qdtmrXxaK0XR8AEeG1d0F,4.49,156
10,spotify.com,1edBcTyZqUmrQ7SriwJzof,4.47,81
10,spotify.com,3HOxJ3ZX23eTXXxLjrXNbY,4.46,111
10,spotify.com,14UFeUG8RCx1XwSuGF9Tcs,4.45,188
10,spotify.com,0KAFDq0iB2AII9PDhTHqNd,4.44,94
10,spotify.com,4yAVpNElPk8ml1zGwxtwxv,4.43,121
10,spotify.com,6UxEOR3EzHo5YXzE1f12v9,4.42,153
10,spotify.com,7FG74DheH8HaSXOS4OeQWj,4.41,104
10,spotify.com,1umy8LK9rPrGCQTtPLYE3t,4.39,100
10,spotify.com,1r1eut6GuXFFDbX0vd9NPv,4.38,225
10,spotify.com,2mxd6wnlVwLyfm03OurmED,4.37,87
10,spotify.com,1Q7apbyCNuDbZbd618dLtT,4.36,151
10,spotify.com,5rb9QrpfcKFHM1EUbSIurX,4.35,104
10,spotify.com,4vTcPHQlE3zTULythSilu0,4.34,123
10,spotify.com,5iW1BuP8SARrIz6rmSdibY,4.33,72
10,spotify.com,576hBTV6sFsLOpoEaqW1Jv,4.32,203
10,spotify.com,4xT0Y1EOq5mwTI7Wm3GK6O,4.31,89
10,spotify.com,2PcMytOXfhvDm5XaXn8SPQ,4.30,118
10,spotify.com,22sfUgqzYlgZy9ngBn8pnp,4.29,84
10,spotify.com,6GTmGEAiR9pyWN5f1lgXSt,4.28,145
10,spotify.com,0K6GsFLI8po7s9GOuid5tN,4.27,89
10,spotify.com,4ar5OP7pkWN4BYGqW3GzTJ,4.26,113
10,spotify.com,6dMRmfwXYSEOxwTW4zhysj,4.25,80
10,spotify.com,4MOHOrZFnYeNcSGSl6UyPn,4.24,103
10,spotify.com,5CGRCPBsqQWs6y5gYVKufI,4.23,123
10,spotify.com,0DCdMiGUOlZM8YRRF2kzR7,4.22,150
10,spotify.com,1bq6XxdA59f5qJS5mw67Sc,4.21,107
10,spotify.com,4iZqNWf2ztEYvw41wnF4Df,4.20,71
10,spotify.com,5MxNLUsfh7uzROypsoO5qe,4.19,96
10,spotify.com,3e5rEt48191MwuHWBDwOcZ,4.18,128
10,spotify.com,0VZ9xPNa6ROafP6GYYuv2S,4.17,193
10,spotify.com,2M9ULmQwTaTGmAdXaXpfz5,4.16,176
10,spotify.com,4I2GqMe7L2ccMpUbnDzYLH,4.15,121
10,spotify.com,1ZwuLFPka2ijOPaBersU6K,4.14,194
10,spotify.com,4zjJXRSu4u8rfQxkPMK07o,4.13,116
10,spotify.com,0cs7BfenkAuxTVJv96KMme,4.12,123
10,spotify.com,7GKz0H7kpekx07I5WCMDGJ,4.11,133
10,spotify.com,1ogUJHv5Nu9S6yC2Cv6Pvh,4.10,116
10,spotify.com,4zweVv3Wa6XgexhoUOzkYs,4.09,294
10,spotify.com,2UZ6MDDg3y5fTAzQU3YYfo,4.08,131
10,spotify.com,5a8PsqWOuGh7FR1tC6UKUs,4.07,129
10,spotify.com,52TSjnEfXo40EzuylAhf6k,4.06,123
10,spotify.com,7IdznjcKCOWhydUH02Istz,4.05,159
10,spotify.com,7nnWIPM5hwE3DaUBkvOIpy,4.04,85
10,spotify.com,3EPZ5tHpCNueKcXmvXEDxi,4.03,117
10,spotify.com,6nCDnzErqalOaIY3EJM8NK,4.02,80
10,spotify.com,742elOBEMLPUtaGDumo5Qz,3.99,138
10,spotify.com,4IrmWy6NFy5kpZC01rWcRx,3.97,105
10,spotify.com,24H5KPBdSvHQMRXTp12K3J,3.96,73
10,spotify.com,4VeckXkbyYxp8bvJnocdLw,3.94,66
10,spotify.com,6Cv09gbV6mHXshhiHE1JO4,3.93,92
10,spotify.com,7eEXXED3AUJErvOSx9quZV,3.92,90
10,spotify.com,5vQXxfGn1bjv5WESrYVVpw,3.91,177
10,spotify.com,44HBcWA1jp22uKjKbwZd7Z,3.90,121
10,spotify.com,7pgvO5U0kbkgMIz9PX62Pm,3.89,44
10,spotify.com,7EYR17bHR2ZkJ8o2mKSJDU,3.88,147
10,spotify.com,2kbAFQ30mjhn1KulfJB7Vk,3.87,80
10,spotify.com,0y44oC5I4MopiCRbOnYGk7,3.86,69
10,spotify.com,7dsSXKdehlHtTPwL1KUbvY,3.83,136
10,spotify.com,0g1o8gwJKmnIwrqigxjLUd,3.82,79
10,spotify.com,10ViidwjGLCfVtGPfdcszR,3.81,172
10,spotify.com,0It6VJoMAare1zdV2wxqZq,3.80,88
10,spotify.com,7aTt1NuTHTGxgr16CKIH0U,3.77,112
10,spotify.com,1NyFRrFiJAJIaR6icj1goI,3.76,110
10,spotify.com,4QbpBv2ka7Zpbrrl5QFAgy,3.74,121
10,spotify.com,0y2IOSoxpgGJ3KZDrmat9p,3.72,142
10,spotify.com,7968fxC9GmlqTiYRXT499O,3.70,137
10,spotify.com,1RC7fHf78Ky6MXU9JKQaJG,3.68,59
10,spotify.com,0yKnn15144wfd5sCCNFnnE,3.67,50
10,spotify.com,15wMCb6SftEF9EomcHff8A,3.66,305
10,spotify.com,0pjOjoHMJrerHhiXNRs3GK,3.65,106
10,spotify.com,6JM3Xc5AxYojZ4HHpgHN49,3.63,224
10,spotify.com,3w2o5tO1ThThRQUlPDgxqd,3.60,98
10,spotify.com,7qOPap76B81KypLVabU8cQ,3.59,53
10,spotify.com,0qNAiA1JEOPxcWP3KB4nsB,3.58,205
10,spotify.com,2HwbtJXoVRn0DziJWKGl1e,3.57,437
10,spotify.com,4WEqIwv2qr1UwTW468SRuw,3.56,78
10,spotify.com,2p0RE2pkZMajUQmg2M12jY,3.55,72
10,spotify.com,51oGCkKff1Qu4WBX8Uuaby,3.54,55
10,spotify.com,1qfYG2JrchEyJiqKnkE7YQ,3.53,72
10,spotify.com,11RmaYMwhL2noFcwjKvSZd,3.51,64
10,spotify.com,1CRDfNPQbtCGcqeAAgBGdW,3.49,95
10,spotify.com,0Fghw1Ky3HNSvj04EtPrnf,3.48,64
10,spotify.com,4B6BzjDSurNtids9TU4jdE,3.47,55
10,spotify.com,5MzjN4pg411OErJ1U2F3bj,3.46,65
10,spotify.com,22u5G8OqJ79IDaAJ269hZr,3.42,79
10,spotify.com,0gOyllwzM7IvfuYZ903zNv,3.40,75
10,spotify.com,5EtCkmRgO2NMfa3BQZMtBp,3.37,47
10,spotify.com,1zlXCEdVDBptIuMU8vqRnR,3.36,114
10,spotify.com,17xqcnBW4CdV6ARXLrKHWy,3.34,152
10,spotify.com,3hZtCzZtVULcdJkln9pm3l,3.33,63
10,spotify.com,2THkQauDWMvJgXFGPY4iKB,3.31,43
10,spotify.com,7DX8J4uAEKKi4kkix2dQud,3.30,53
10,spotify.com,2TxSRQiP7xz4vKxabdlpx1,3.29,43
10,spotify.com,5AYXWbqQQsWr5c9ueY7ZAY,3.28,58
10,spotify.com,1Bq69dKQp8Kf3sMizZidaM,3.27,55
10,spotify.com,5wBB0bSW7UOPUqma2gi9TZ,3.26,103
10,spotify.com,6HQZvxFGBVyjfCxTOAT3iB,3.23,44
10,spotify.com,3lMaGMqCEIJmoQP7UxPCeE,3.22,27
10,spotify.com,6MI9unN5nm2KlfS0QUjOoe,3.21,128
10,spotify.com,2LhW0bvxghtcFSbNuTSJOY,3.20,18
10,spotify.com,1gS9gftIanh1oMvqwX2YKy,3.19,42
10,spotify.com,0ki5EwphQNTH3Tw02VtCRC,3.16,31
10,spotify.com,78DAnFAmuBbekO4LeuhRkR,3.14,56
10,spotify.com,17rf2oZYDVymJeYI9ftDXc,3.11,63
10,spotify.com,2J1IxkhqZ2FnydAsvZjuhZ,3.10,60
10,spotify.com,3ZBSXNYdTZVaBUQI3E2rF6,3.06,35
10,spotify.com,5yROQPPwCufE2zjsv4FAmv,3.05,48
10,spotify.com,4VsfBEm21b3HQXd0wkfLTQ,3.04,27
10,spotify.com,2BOeCUehEgKBNBDW2wo6pd,3.03,52
10,spotify.com,2BsP6RElvU2o7Ly2FpA35q,3.02,10
10,spotify.com,5xt3OoGk8PdLImcxbQjiqD,3.01,5
4,spotify.com,2cSEVjG12sTBjXVJK0SF7Z,5.00,216
4,spotify.com,5vQXxfGn1bjv5WESrYVVpw,4.99,255
4,spotify.com,2LTl1pU074hnzAdy0SpHAb,4.98,344
4,spotify.com,7GKz0H7kpekx07I5WCMDGJ,4.97,157
4,spotify.com,2tAIjFvRlHjP64J0DKWPJW,4.96,224
4,spotify.com,0KgciKBUO7Wl18eX4Ldhq7,4.95,143
4,spotify.com,2TYC9SaRhYypUQzB1ZVTG2,4.94,380
4,spotify.com,7IRtnqwBAUDuOsIlUSlQ7h,4.93,224
4,spotify.com,3kVRKixPYEjrerKc0MZPdK,4.92,249
4,spotify.com,3jqFydCMZUOO1evtCsoKJH,4.91,224
4,spotify.com,44HBcWA1jp22uKjKbwZd7Z,4.90,141
4,spotify.com,4fqej7naoDXIuulGZtjl1h,4.89,254
4,spotify.com,39sUeHQoIGY6BEIcgTMRXW,4.88,145
4,spotify.com,1ZwuLFPka2ijOPaBersU6K,4.87,260
4,spotify.com,14UFeUG8RCx1XwSuGF9Tcs,4.86,235
4,spotify.com,0zVcgA0ug30pW6hBXtXKUL,4.85,247
4,spotify.com,6orRbaAgk8QyiXthlxsMnh,4.84,235
4,spotify.com,2UZ6MDDg3y5fTAzQU3YYfo,4.83,160
4,spotify.com,7EYR17bHR2ZkJ8o2mKSJDU,4.81,139
4,spotify.com,7aTt1NuTHTGxgr16CKIH0U,4.79,127
4,spotify.com,3e0wYnFxkqinmtXebYPMSt,4.78,293
4,spotify.com,4VqPOruhp5EdPBeR92t6lQ,4.77,222
4,spotify.com,4I2GqMe7L2ccMpUbnDzYLH,4.76,186
4,spotify.com,5q2hniehVCcIbVL4efDCMY,4.75,315
4,spotify.com,2ffmPvnKZQqAOAEUo5Klpu,4.74,280
4,spotify.com,6zc7xLlx5rrEUgIuGa7DoR,4.73,180
4,spotify.com,4yAVpNElPk8ml1zGwxtwxv,4.72,151
4,spotify.com,52TSjnEfXo40EzuylAhf6k,4.71,160
4,spotify.com,4LPUilkROHl6rI9uTytN9h,4.70,198
4,spotify.com,31Q9ZTF9x81BDonlObCbvP,4.69,138
4,spotify.com,7FG74DheH8HaSXOS4OeQWj,4.68,141
4,spotify.com,6UxEOR3EzHo5YXzE1f12v9,4.67,225
4,spotify.com,1r1eut6GuXFFDbX0vd9NPv,4.66,255
4,spotify.com,2Ygs64z9ywJGakuKU8tr6o,4.65,335
4,spotify.com,6MrkFuXDTqWdrRJi3MyrE0,4.63,128
4,spotify.com,7IdznjcKCOWhydUH02Istz,4.62,168
4,spotify.com,7qdtmrXxaK0XR8AEeG1d0F,4.61,214
4,spotify.com,0DCdMiGUOlZM8YRRF2kzR7,4.60,187
4,spotify.com,2dgyv3NrDuKx0pc1E79Icb,4.59,149
4,spotify.com,0cs7BfenkAuxTVJv96KMme,4.58,198
4,spotify.com,2lwwrWVKdf3LR9lbbhnr6R,4.57,267
4,spotify.com,1vcxF91pWs9uNwDROuiCPB,4.56,183
4,spotify.com,742elOBEMLPUtaGDumo5Qz,4.55,173
4,spotify.com,0y2IOSoxpgGJ3KZDrmat9p,4.54,192
4,spotify.com,7lJcj7F7GuDye26vYSk1bM,4.53,171
4,spotify.com,5a8PsqWOuGh7FR1tC6UKUs,4.52,148
4,spotify.com,576hBTV6sFsLOpoEaqW1Jv,4.51,220
4,spotify.com,2gIVqrC5BG8BMeO9r1qtCr,4.49,100
4,spotify.com,2POxgf3UEPcTDAzlR0Ob7X,4.47,98
4,spotify.com,6jLGsYXIhfmWkqf0N3cxOF,4.45,222
4,spotify.com,5ah63mDLedBAPJrPCxhtt5,4.44,292
4,spotify.com,7pkTED5YsYwolFOZoAPiT8,4.42,108
4,spotify.com,5GFnWMlpGcjhYi7jWOy7Tw,4.41,96
4,spotify.com,7dsSXKdehlHtTPwL1KUbvY,4.40,211
4,spotify.com,1pKYYY0dkg23sQQXi0Q5zN,4.39,107
4,spotify.com,13o0DRf89gTEHrxL31Gh09,4.38,183
4,spotify.com,4MOHOrZFnYeNcSGSl6UyPn,4.37,129
4,spotify.com,3YGg9SjRxud5aWsEjllwXZ,4.36,107
4,spotify.com,57bJXivj8NfICIzPgNr08Z,4.35,141
4,spotify.com,5iW1BuP8SARrIz6rmSdibY,4.34,98
4,spotify.com,1NyFRrFiJAJIaR6icj1goI,4.33,121
4,spotify.com,5dKBaysNJtfpyNTRa5lqDb,4.32,132
4,spotify.com,1zOaxkbS1kAY1gIi0g8sOm,4.31,106
4,spotify.com,6GTmGEAiR9pyWN5f1lgXSt,4.30,197
4,spotify.com,0Q5YtY85lz5n7rQkeMNpoe,4.29,169
4,spotify.com,3w2o5tO1ThThRQUlPDgxqd,4.28,147
4,spotify.com,2PcMytOXfhvDm5XaXn8SPQ,4.27,196
4,spotify.com,4zjJXRSu4u8rfQxkPMK07o,4.26,152
4,spotify.com,2M9ULmQwTaTGmAdXaXpfz5,4.25,235
4,spotify.com,6KIb8bMOyN7pFplT0M3ffA,4.24,177
4,spotify.com,4ar5OP7pkWN4BYGqW3GzTJ,4.23,137
4,spotify.com,2MKqIFvHseB2VZgpdQdKsu,4.22,130
4,spotify.com,5wBB0bSW7UOPUqma2gi9TZ,4.21,107
4,spotify.com,0InFAWpnO2z5ZcO2zJUtIH,4.20,107
4,spotify.com,6JM3Xc5AxYojZ4HHpgHN49,4.19,280
4,spotify.com,4ptSL1o2pRgNvrC4wsN1Pl,4.18,104
4,spotify.com,1Q7apbyCNuDbZbd618dLtT,4.17,173
4,spotify.com,3HOxJ3ZX23eTXXxLjrXNbY,4.16,112
4,spotify.com,42hwjij0VmBP3ngqoTrmvl,4.14,182
4,spotify.com,3b8HFl9IaZp95TNPmCf0B2,4.13,137
4,spotify.com,4zweVv3Wa6XgexhoUOzkYs,4.12,397
4,spotify.com,0McuGBXkEVz9Yq5gui4A7c,4.10,94
4,spotify.com,3EPZ5tHpCNueKcXmvXEDxi,4.09,148
4,spotify.com,0VZ9xPNa6ROafP6GYYuv2S,4.08,260
4,spotify.com,22sfUgqzYlgZy9ngBn8pnp,4.07,137
4,spotify.com,0pjOjoHMJrerHhiXNRs3GK,4.06,136
4,spotify.com,5rb9QrpfcKFHM1EUbSIurX,4.05,122
4,spotify.com,4xT0Y1EOq5mwTI7Wm3GK6O,4.04,109
4,spotify.com,0It6VJoMAare1zdV2wxqZq,4.02,117
4,spotify.com,5CAoHSI4vAPh3g7qk5aQuT,4.00,86
4,spotify.com,1bq6XxdA59f5qJS5mw67Sc,3.99,125
4,spotify.com,10ViidwjGLCfVtGPfdcszR,3.98,230
4,spotify.com,7D0RhFcb3CrfPuTJ0obrod,3.97,66
4,spotify.com,5kD9T7GForh8LnRz5ClbL8,3.96,165
4,spotify.com,5CGRCPBsqQWs6y5gYVKufI,3.94,145
4,spotify.com,3e5rEt48191MwuHWBDwOcZ,3.93,140
4,spotify.com,4QbpBv2ka7Zpbrrl5QFAgy,3.92,156
4,spotify.com,6oD0TvHIYmObKNl5Mz05ri,3.91,96
4,spotify.com,1ExW9geJzAZZH0xzsWvCcw,3.90,133
4,spotify.com,4IrmWy6NFy5kpZC01rWcRx,3.89,151
4,spotify.com,4xp6O8cMjMZiIn0TrNC3ji,3.88,114
4,spotify.com,4vTcPHQlE3zTULythSilu0,3.87,143
4,spotify.com,2mxd6wnlVwLyfm03OurmED,3.86,105
4,spotify.com,44oWUoJ61CgiH948b3pF6J,3.85,107
4,spotify.com,2kbAFQ30mjhn1KulfJB7Vk,3.82,123
4,spotify.com,7eEXXED3AUJErvOSx9quZV,3.81,83
4,spotify.com,0qNAiA1JEOPxcWP3KB4nsB,3.80,262
4,spotify.com,48Gp6fl66YhMrA1lmMWiVb,3.79,86
4,spotify.com,4VsfBEm21b3HQXd0wkfLTQ,3.78,39
4,spotify.com,4WEqIwv2qr1UwTW468SRuw,3.77,84
4,spotify.com,0ZEhlT9v8CdOKu55zhYGv9,3.74,100
4,spotify.com,4iZqNWf2ztEYvw41wnF4Df,3.73,85
4,spotify.com,1qfYG2JrchEyJiqKnkE7YQ,3.72,84
4,spotify.com,24H5KPBdSvHQMRXTp12K3J,3.71,84
4,spotify.com,4ARhdB2FzpXcko8T03YVen,3.68,50
4,spotify.com,1zlXCEdVDBptIuMU8vqRnR,3.65,138
4,spotify.com,4lowO1mREnjCG1rUMQAuuG,3.64,60
4,spotify.com,51oGCkKff1Qu4WBX8Uuaby,3.63,60
4,spotify.com,00QWKBxVaKanCHV9Oag6f1,3.62,58
4,spotify.com,1CRDfNPQbtCGcqeAAgBGdW,3.60,95
4,spotify.com,5MzjN4pg411OErJ1U2F3bj,3.59,83
4,spotify.com,1ogUJHv5Nu9S6yC2Cv6Pvh,3.58,137
4,spotify.com,10hUxEClCG8xsSMyp8aL8R,3.55,38
4,spotify.com,5yROQPPwCufE2zjsv4FAmv,3.54,57
4,spotify.com,11RmaYMwhL2noFcwjKvSZd,3.52,109
4,spotify.com,7968fxC9GmlqTiYRXT499O,3.51,135
4,spotify.com,1edBcTyZqUmrQ7SriwJzof,3.50,104
4,spotify.com,1RsHl6tAFFMOw96MMStYfT,3.49,92
4,spotify.com,2J1IxkhqZ2FnydAsvZjuhZ,3.48,88
4,spotify.com,15wMCb6SftEF9EomcHff8A,3.46,389
4,spotify.com,2HwbtJXoVRn0DziJWKGl1e,3.44,526
4,spotify.com,69ciJGpXr2UZy3yEnUurbr,3.43,57
4,spotify.com,4RQ8ddDCvLEAniw6Eq6TTo,3.42,52
4,spotify.com,17xqcnBW4CdV6ARXLrKHWy,3.39,151
4,spotify.com,5lytr54fOSmSkhAcvFpdGH,3.38,45
4,spotify.com,17rf2oZYDVymJeYI9ftDXc,3.37,83
4,spotify.com,5fQQDsc1SxPYADUTD2EV2N,3.35,69
4,spotify.com,7qOPap76B81KypLVabU8cQ,3.33,82
4,spotify.com,2oe4EJqgddv1sqgz1iXIGj,3.32,55
4,spotify.com,6MI9unN5nm2KlfS0QUjOoe,3.30,165
4,spotify.com,2p0RE2pkZMajUQmg2M12jY,3.29,87
4,spotify.com,22rkCRquWCsGYoFyQV6Uuu,3.28,62
4,spotify.com,0C2eEsMBj78CLkHNJPjohc,3.26,77
4,spotify.com,71nmGy6RHJ8n0LfKzIV1EG,3.22,34
4,spotify.com,3hZtCzZtVULcdJkln9pm3l,3.21,85
4,spotify.com,70HxZbVnoyrfQ4dIWgcYMm,3.18,54
4,spotify.com,0Fghw1Ky3HNSvj04EtPrnf,3.17,68
4,spotify.com,5ByldMbp566mwY5P3M6LXH,3.15,26
4,spotify.com,2BOeCUehEgKBNBDW2wo6pd,3.13,71
4,spotify.com,4MrW9WyF2gWPSvPt4nYYV4,3.12,5
4,spotify.com,5AiKsq5yODZxY12eykbDGV,3.10,43
4,spotify.com,4XzxcPPwxCSEVn8qneqL3s,3.09,41
4,spotify.com,68COpnQSeIidPHLooRJrKi,3.07,13
4,spotify.com,7x4YXV9vpfqq8OuPNcn3cu,3.06,12
4,spotify.com,1gS9gftIanh1oMvqwX2YKy,3.05,50
4,spotify.com,1NgvlkVfh6qgAeUbHstIAV,3.04,44
4,spotify.com,6HQZvxFGBVyjfCxTOAT3iB,3.02,35
5,spotify.com,4VsfBEm21b3HQXd0wkfLTQ,5.00,5
5,spotify.com,5CGRCPBsqQWs6y5gYVKufI,4.98,17
5,spotify.com,17rf2oZYDVymJeYI9ftDXc,4.97,9
5,spotify.com,10ViidwjGLCfVtGPfdcszR,4.96,27
5,spotify.com,5ah63mDLedBAPJrPCxhtt5,4.94,24
5,spotify.com,1ZwuLFPka2ijOPaBersU6K,4.92,16
5,spotify.com,0KgciKBUO7Wl18eX4Ldhq7,4.91,11
5,spotify.com,2TYC9SaRhYypUQzB1ZVTG2,4.90,37
5,spotify.com,2UZ6MDDg3y5fTAzQU3YYfo,4.89,17
5,spotify.com,2tAIjFvRlHjP64J0DKWPJW,4.87,20
5,spotify.com,1vcxF91pWs9uNwDROuiCPB,4.86,20
5,spotify.com,576hBTV6sFsLOpoEaqW1Jv,4.85,29
5,spotify.com,7IRtnqwBAUDuOsIlUSlQ7h,4.84,27
5,spotify.com,2lwwrWVKdf3LR9lbbhnr6R,4.82,22
5,spotify.com,39sUeHQoIGY6BEIcgTMRXW,4.81,16
5,spotify.com,5vQXxfGn1bjv5WESrYVVpw,4.80,29
5,spotify.com,0Q5YtY85lz5n7rQkeMNpoe,4.79,19
5,spotify.com,3jqFydCMZUOO1evtCsoKJH,4.78,29
5,spotify.com,6HNruFQlzQx4ulL4ppRLYI,4.77,18
5,spotify.com,3HOxJ3ZX23eTXXxLjrXNbY,4.76,20
5,spotify.com,2ffmPvnKZQqAOAEUo5Klpu,4.75,27
5,spotify.com,31Q9ZTF9x81BDonlObCbvP,4.74,18
5,spotify.com,6nCDnzErqalOaIY3EJM8NK,4.73,16
5,spotify.com,4ar5OP7pkWN4BYGqW3GzTJ,4.72,19
5,spotify.com,3e5rEt48191MwuHWBDwOcZ,4.71,20
5,spotify.com,1Q7apbyCNuDbZbd618dLtT,4.70,14
5,spotify.com,5kD9T7GForh8LnRz5ClbL8,4.69,14
5,spotify.com,28wGO0jnzjRtVP3jd5nKBP,4.68,7
5,spotify.com,0y2IOSoxpgGJ3KZDrmat9p,4.66,15
5,spotify.com,3e0wYnFxkqinmtXebYPMSt,4.65,30
5,spotify.com,2Ygs64z9ywJGakuKU8tr6o,4.64,27
5,spotify.com,6jLGsYXIhfmWkqf0N3cxOF,4.62,23
5,spotify.com,1ExW9geJzAZZH0xzsWvCcw,4.61,9
5,spotify.com,0PMgaQFz7F8gvbLJheLXPj,4.60,13
5,spotify.com,2MKqIFvHseB2VZgpdQdKsu,4.59,11
5,spotify.com,2kbAFQ30mjhn1KulfJB7Vk,4.58,17
5,spotify.com,4I2GqMe7L2ccMpUbnDzYLH,4.57,22
5,spotify.com,2PcMytOXfhvDm5XaXn8SPQ,4.56,20
5,spotify.com,7IdznjcKCOWhydUH02Istz,4.54,19
5,spotify.com,4iZqNWf2ztEYvw41wnF4Df,4.53,7
5,spotify.com,4VqPOruhp5EdPBeR92t6lQ,4.51,19
5,spotify.com,6zc7xLlx5rrEUgIuGa7DoR,4.50,15
5,spotify.com,1mBmd558ZnPKZx7Xk51oEa,4.49,8
5,spotify.com,4zweVv3Wa6XgexhoUOzkYs,4.48,42
5,spotify.com,5AiKsq5yODZxY12eykbDGV,4.47,9
5,spotify.com,2vygASGhn68mkn8iE3cQwr,4.46,9
5,spotify.com,3w2o5tO1ThThRQUlPDgxqd,4.45,8
5,spotify.com,7dsSXKdehlHtTPwL1KUbvY,4.43,16
5,spotify.com,1NyFRrFiJAJIaR6icj1goI,4.42,16
5,spotify.com,7DX8J4uAEKKi4kkix2dQud,4.41,6
5,spotify.com,3kVRKixPYEjrerKc0MZPdK,4.40,20
5,spotify.com,5wBB0bSW7UOPUqma2gi9TZ,4.39,13
5,spotify.com,7EYR17bHR2ZkJ8o2mKSJDU,4.38,17
5,spotify.com,1edBcTyZqUmrQ7SriwJzof,4.37,11
5,spotify.com,52TSjnEfXo40EzuylAhf6k,4.36,17
5,spotify.com,4GAI8BxeMgrvhZNEU59UfR,4.35,5
5,spotify.com,1iK2QceoEmhjjYDOxOb8vt,4.34,5
5,spotify.com,3EPZ5tHpCNueKcXmvXEDxi,4.31,19
5,spotify.com,6orRbaAgk8QyiXthlxsMnh,4.30,28
5,spotify.com,0ADZ5dmXhlfzjMw6lefoPl,4.28,10
5,spotify.com,0C2eEsMBj78CLkHNJPjohc,4.27,8
5,spotify.com,0rTZNOc6MUHU68agVQ672b,4.26,8
5,spotify.com,0zVcgA0ug30pW6hBXtXKUL,4.24,21
5,spotify.com,0DCdMiGUOlZM8YRRF2kzR7,4.23,21
5,spotify.com,1RsHl6tAFFMOw96MMStYfT,4.22,12
5,spotify.com,7GKz0H7kpekx07I5WCMDGJ,4.21,14
5,spotify.com,0qNAiA1JEOPxcWP3KB4nsB,4.19,24
5,spotify.com,7itkDorwUcVBt8n8aQfpFH,4.18,5
5,spotify.com,6HQZvxFGBVyjfCxTOAT3iB,4.17,5
5,spotify.com,6MIDQPurdLJgq5Tg6wM6xy,4.16,5
5,spotify.com,5q2hniehVCcIbVL4efDCMY,4.13,31
5,spotify.com,15wMCb6SftEF9EomcHff8A,4.10,34
5,spotify.com,1Dl44SWywsIDdz1GgIp9gG,4.08,10
5,spotify.com,6JM3Xc5AxYojZ4HHpgHN49,4.07,27
5,spotify.com,0VZ9xPNa6ROafP6GYYuv2S,4.06,23
5,spotify.com,42hwjij0VmBP3ngqoTrmvl,4.05,18
5,spotify.com,2LTl1pU074hnzAdy0SpHAb,4.04,34
5,spotify.com,7lJcj7F7GuDye26vYSk1bM,4.03,16
5,spotify.com,6MrkFuXDTqWdrRJi3MyrE0,4.02,14
5,spotify.com,2cSEVjG12sTBjXVJK0SF7Z,4.01,20
5,spotify.com,1r1eut6GuXFFDbX0vd9NPv,3.99,29
5,spotify.com,4fqej7naoDXIuulGZtjl1h,3.97,24
5,spotify.com,7qdtmrXxaK0XR8AEeG1d0F,3.96,16
5,spotify.com,22sfUgqzYlgZy9ngBn8pnp,3.95,16
5,spotify.com,13o0DRf89gTEHrxL31Gh09,3.94,17
5,spotify.com,7FG74DheH8HaSXOS4OeQWj,3.93,15
5,spotify.com,0Fghw1Ky3HNSvj04EtPrnf,3.92,7
5,spotify.com,4QbpBv2ka7Zpbrrl5QFAgy,3.91,13
5,spotify.com,14UFeUG8RCx1XwSuGF9Tcs,3.89,30
5,spotify.com,2HwbtJXoVRn0DziJWKGl1e,3.86,53
5,spotify.com,7aTt1NuTHTGxgr16CKIH0U,3.85,19
5,spotify.com,3b8HFl9IaZp95TNPmCf0B2,3.84,14
5,spotify.com,4LPUilkROHl6rI9uTytN9h,3.83,16
5,spotify.com,44oWUoJ61CgiH948b3pF6J,3.82,10
5,spotify.com,2LlQb7Uoj1kKyGhlkBf9aC,3.81,8
5,spotify.com,4IrmWy6NFy5kpZC01rWcRx,3.79,17
5,spotify.com,0mjfUtv8J0qmesRERYBivH,3.78,5
5,spotify.com,22V6N2zEkuIFBjKxHYjUos,3.77,5
5,spotify.com,17xqcnBW4CdV6ARXLrKHWy,3.76,14
5,spotify.com,2M9ULmQwTaTGmAdXaXpfz5,3.75,21
5,spotify.com,35gC6jVY60904yfaJXpiYv,3.74,11
5,spotify.com,3hZtCzZtVULcdJkln9pm3l,3.72,10
5,spotify.com,4B6BzjDSurNtids9TU4jdE,3.70,9
5,spotify.com,6vGJoO0FwVEB98ekNIqYw3,3.69,6
5,spotify.com,2U0nJXcSulAYNoPA6fTIfZ,3.67,6
5,spotify.com,1RC7fHf78Ky6MXU9JKQaJG,3.66,5
5,spotify.com,72aCha2Meq7txnk451hz7k,3.65,5
5,spotify.com,7eEXXED3AUJErvOSx9quZV,3.64,13
5,spotify.com,10hUxEClCG8xsSMyp8aL8R,3.63,5
5,spotify.com,4VeckXkbyYxp8bvJnocdLw,3.60,10
5,spotify.com,1CRDfNPQbtCGcqeAAgBGdW,3.59,7
5,spotify.com,4vayH6VTzFiV8aMY5xEDIV,3.58,8
5,spotify.com,7968fxC9GmlqTiYRXT499O,3.56,15
5,spotify.com,0yKnn15144wfd5sCCNFnnE,3.54,8
5,spotify.com,5yROQPPwCufE2zjsv4FAmv,3.52,6
5,spotify.com,1879aiUSpb1qNoiwtQA2XH,3.51,6
5,spotify.com,6MI9unN5nm2KlfS0QUjOoe,3.50,15
5,spotify.com,6IUiqtI8tE49sqGbmtrNd8,3.49,9
5,spotify.com,2dgyv3NrDuKx0pc1E79Icb,3.48,15
5,spotify.com,51oGCkKff1Qu4WBX8Uuaby,3.47,7
5,spotify.com,2p0RE2pkZMajUQmg2M12jY,3.46,12
5,spotify.com,5fQQDsc1SxPYADUTD2EV2N,3.44,7
5,spotify.com,1qfYG2JrchEyJiqKnkE7YQ,3.43,8
6,spotify.com,5q2hniehVCcIbVL4efDCMY,5.00,204
6,spotify.com,6UxEOR3EzHo5YXzE1f12v9,4.98,118
6,spotify.com,1vcxF91pWs9uNwDROuiCPB,4.97,100
6,spotify.com,2Ygs64z9ywJGakuKU8tr6o,4.96,192
6,spotify.com,3kVRKixPYEjrerKc0MZPdK,4.95,130
6,spotify.com,2tAIjFvRlHjP64J0DKWPJW,4.94,133
6,spotify.com,1ExW9geJzAZZH0xzsWvCcw,4.93,86
6,spotify.com,42hwjij0VmBP3ngqoTrmvl,4.91,93
6,spotify.com,0zVcgA0ug30pW6hBXtXKUL,4.89,138
6,spotify.com,0DCdMiGUOlZM8YRRF2kzR7,4.88,107
6,spotify.com,4zjJXRSu4u8rfQxkPMK07o,4.87,100
6,spotify.com,26nr9XnFCYWxBTIP7HyWXg,4.86,73
6,spotify.com,4IrmWy6NFy5kpZC01rWcRx,4.85,98
6,spotify.com,52TSjnEfXo40EzuylAhf6k,4.84,76
6,spotify.com,5rb9QrpfcKFHM1EUbSIurX,4.83,77
6,spotify.com,1ZwuLFPka2ijOPaBersU6K,4.82,129
6,spotify.com,6SkxGjgzMbD4cBtRpF6AAm,4.81,58
6,spotify.com,2POxgf3UEPcTDAzlR0Ob7X,4.79,60
6,spotify.com,5dKBaysNJtfpyNTRa5lqDb,4.78,105
6,spotify.com,7lJcj7F7GuDye26vYSk1bM,4.77,93
6,spotify.com,3e0wYnFxkqinmtXebYPMSt,4.75,200
6,spotify.com,3EPZ5tHpCNueKcXmvXEDxi,4.74,95
6,spotify.com,4LPUilkROHl6rI9uTytN9h,4.73,116
6,spotify.com,2LTl1pU074hnzAdy0SpHAb,4.72,194
6,spotify.com,6orRbaAgk8QyiXthlxsMnh,4.71,140
6,spotify.com,7qdtmrXxaK0XR8AEeG1d0F,4.70,116
6,spotify.com,7nnWIPM5hwE3DaUBkvOIpy,4.69,78
6,spotify.com,4MOHOrZFnYeNcSGSl6UyPn,4.68,97
6,spotify.com,39sUeHQoIGY6BEIcgTMRXW,4.67,106
6,spotify.com,2M9ULmQwTaTGmAdXaXpfz5,4.66,143
6,spotify.com,5nHRIKsXDwUpse9gzrAxLR,4.65,74
6,spotify.com,4ptSL1o2pRgNvrC4wsN1Pl,4.64,74
6,spotify.com,0mWiuXuLAJ3Brin3Or2x6v,4.63,77
6,spotify.com,0Q5YtY85lz5n7rQkeMNpoe,4.62,97
6,spotify.com,6zc7xLlx5rrEUgIuGa7DoR,4.61,130
6,spotify.com,2gIVqrC5BG8BMeO9r1qtCr,4.60,66
6,spotify.com,2dgyv3NrDuKx0pc1E79Icb,4.57,87
6,spotify.com,5vQXxfGn1bjv5WESrYVVpw,4.56,162
6,spotify.com,2MKqIFvHseB2VZgpdQdKsu,4.55,92
6,spotify.com,2cSEVjG12sTBjXVJK0SF7Z,4.54,121
6,spotify.com,1r1eut6GuXFFDbX0vd9NPv,4.53,185
6,spotify.com,0y2IOSoxpgGJ3KZDrmat9p,4.52,94
6,spotify.com,1umy8LK9rPrGCQTtPLYE3t,4.51,79
6,spotify.com,2TYC9SaRhYypUQzB1ZVTG2,4.50,202
6,spotify.com,3e5rEt48191MwuHWBDwOcZ,4.49,96
6,spotify.com,7FG74DheH8HaSXOS4OeQWj,4.48,78
6,spotify.com,44HBcWA1jp22uKjKbwZd7Z,4.46,88
6,spotify.com,1Q7apbyCNuDbZbd618dLtT,4.45,113
6,spotify.com,5a8PsqWOuGh7FR1tC6UKUs,4.44,100
6,spotify.com,13o0DRf89gTEHrxL31Gh09,4.43,105
6,spotify.com,0VZ9xPNa6ROafP6GYYuv2S,4.42,133
6,spotify.com,4QbpBv2ka7Zpbrrl5QFAgy,4.41,96
6,spotify.com,5ah63mDLedBAPJrPCxhtt5,4.39,165
6,spotify.com,5kD9T7GForh8LnRz5ClbL8,4.38,99
6,spotify.com,57bJXivj8NfICIzPgNr08Z,4.36,79
6,spotify.com,5CGRCPBsqQWs6y5gYVKufI,4.35,84
6,spotify.com,4VqPOruhp5EdPBeR92t6lQ,4.34,117
6,spotify.com,7IRtnqwBAUDuOsIlUSlQ7h,4.33,151
6,spotify.com,31Q9ZTF9x81BDonlObCbvP,4.32,81
6,spotify.com,6HNruFQlzQx4ulL4ppRLYI,4.31,82
6,spotify.com,4N5FWMoa2VWSr0vWcPlZPG,4.30,60
6,spotify.com,4VQu1ooCteGDynSZYUgvT4,4.29,75
6,spotify.com,4vTcPHQlE3zTULythSilu0,4.28,102
6,spotify.com,0BzYCJdtP00Xk8btIrAonU,4.27,52
6,spotify.com,1bq6XxdA59f5qJS5mw67Sc,4.26,68
6,spotify.com,0y44oC5I4MopiCRbOnYGk7,4.25,51
6,spotify.com,1edBcTyZqUmrQ7SriwJzof,4.24,48
6,spotify.com,2ffmPvnKZQqAOAEUo5Klpu,4.23,150
6,spotify.com,3jqFydCMZUOO1evtCsoKJH,4.22,146
6,spotify.com,4zweVv3Wa6XgexhoUOzkYs,4.21,259
6,spotify.com,4nAsykHmK2N7clWhaxNKlg,4.20,47
6,spotify.com,6GTmGEAiR9pyWN5f1lgXSt,4.19,105
6,spotify.com,7GKz0H7kpekx07I5WCMDGJ,4.17,96
6,spotify.com,5iW1BuP8SARrIz6rmSdibY,4.16,65
6,spotify.com,4xp6O8cMjMZiIn0TrNC3ji,4.15,80
6,spotify.com,6JM3Xc5AxYojZ4HHpgHN49,4.14,172
6,spotify.com,4yAVpNElPk8ml1zGwxtwxv,4.13,100
6,spotify.com,1qfYG2JrchEyJiqKnkE7YQ,4.12,56
6,spotify.com,3HOxJ3ZX23eTXXxLjrXNbY,4.10,80
6,spotify.com,7dsSXKdehlHtTPwL1KUbvY,4.09,118
6,spotify.com,3b8HFl9IaZp95TNPmCf0B2,4.07,79
6,spotify.com,0InFAWpnO2z5ZcO2zJUtIH,4.06,81
6,spotify.com,7EYR17bHR2ZkJ8o2mKSJDU,4.05,110
6,spotify.com,14UFeUG8RCx1XwSuGF9Tcs,4.03,128
6,spotify.com,6jLGsYXIhfmWkqf0N3cxOF,4.02,129
6,spotify.com,4B6BzjDSurNtids9TU4jdE,4.01,47
6,spotify.com,2lwwrWVKdf3LR9lbbhnr6R,4.00,144
6,spotify.com,4xT0Y1EOq5mwTI7Wm3GK6O,3.99,61
6,spotify.com,4ar5OP7pkWN4BYGqW3GzTJ,3.98,75
6,spotify.com,4I2GqMe7L2ccMpUbnDzYLH,3.97,101
6,spotify.com,10ViidwjGLCfVtGPfdcszR,3.95,138
6,spotify.com,2mxd6wnlVwLyfm03OurmED,3.94,63
6,spotify.com,4fqej7naoDXIuulGZtjl1h,3.93,134
6,spotify.com,1zOaxkbS1kAY1gIi0g8sOm,3.92,81
6,spotify.com,0KgciKBUO7Wl18eX4Ldhq7,3.91,85
6,spotify.com,1NyFRrFiJAJIaR6icj1goI,3.90,89
6,spotify.com,1zlXCEdVDBptIuMU8vqRnR,3.89,74
6,spotify.com,6MrkFuXDTqWdrRJi3MyrE0,3.88,87
6,spotify.com,2p0RE2pkZMajUQmg2M12jY,3.86,59
6,spotify.com,5MxNLUsfh7uzROypsoO5qe,3.85,71
6,spotify.com,6pB1MSK6zXn2Hi3P2lRjgP,3.83,33
6,spotify.com,0cs7BfenkAuxTVJv96KMme,3.82,96
6,spotify.com,22sfUgqzYlgZy9ngBn8pnp,3.81,79
6,spotify.com,1RC7fHf78Ky6MXU9JKQaJG,3.77,40
6,spotify.com,6KIb8bMOyN7pFplT0M3ffA,3.76,90
6,spotify.com,5MzjN4pg411OErJ1U2F3bj,3.75,57
6,spotify.com,576hBTV6sFsLOpoEaqW1Jv,3.74,136
6,spotify.com,742elOBEMLPUtaGDumo5Qz,3.72,85
6,spotify.com,7IdznjcKCOWhydUH02Istz,3.71,116
6,spotify.com,0PMgaQFz7F8gvbLJheLXPj,3.69,52
6,spotify.com,5AYXWbqQQsWr5c9ueY7ZAY,3.67,51
6,spotify.com,76WRHOINx2bIcOgnwBKydI,3.66,56
6,spotify.com,0pjOjoHMJrerHhiXNRs3GK,3.65,83
6,spotify.com,2UZ6MDDg3y5fTAzQU3YYfo,3.64,91
6,spotify.com,1Bq69dKQp8Kf3sMizZidaM,3.63,59
6,spotify.com,0qNAiA1JEOPxcWP3KB4nsB,3.62,161
6,spotify.com,6Z40rYoywCzGEQHO6NCFPi,3.60,32
6,spotify.com,2J1IxkhqZ2FnydAsvZjuhZ,3.59,50
6,spotify.com,1pKYYY0dkg23sQQXi0Q5zN,3.57,69
6,spotify.com,11RmaYMwhL2noFcwjKvSZd,3.56,71
6,spotify.com,43mshkHAd4Nl8TQ1CBgraX,3.55,34
6,spotify.com,70HxZbVnoyrfQ4dIWgcYMm,3.54,37
6,spotify.com,5wBB0bSW7UOPUqma2gi9TZ,3.53,68
6,spotify.com,24H5KPBdSvHQMRXTp12K3J,3.52,59
6,spotify.com,5BP0oaQ1VhuaznT77CBXQp,3.51,56
6,spotify.com,2THkQauDWMvJgXFGPY4iKB,3.50,38
6,spotify.com,6MI9unN5nm2KlfS0QUjOoe,3.49,96
6,spotify.com,1yjFanv1lKhZeh6XiGHx3e,3.48,70
6,spotify.com,2PcMytOXfhvDm5XaXn8SPQ,3.46,113
6,spotify.com,0ZEhlT9v8CdOKu55zhYGv9,3.44,61
6,spotify.com,3zBBgJOyATAudTntFaP8sZ,3.41,56
6,spotify.com,7qOPap76B81KypLVabU8cQ,3.40,41
6,spotify.com,7eEXXED3AUJErvOSx9quZV,3.39,86
6,spotify.com,2kbAFQ30mjhn1KulfJB7Vk,3.33,69
6,spotify.com,2HwbtJXoVRn0DziJWKGl1e,3.31,330
6,spotify.com,3Ob2G5LEZ7PtsXRPik2nCS,3.30,33
6,spotify.com,1CRDfNPQbtCGcqeAAgBGdW,3.28,66
6,spotify.com,2LlQb7Uoj1kKyGhlkBf9aC,3.27,38
6,spotify.com,15wMCb6SftEF9EomcHff8A,3.26,259
6,spotify.com,3L6lk7MH6V8h0npuiD0qIt,3.25,13
6,spotify.com,7968fxC9GmlqTiYRXT499O,3.24,96
6,spotify.com,1ogUJHv5Nu9S6yC2Cv6Pvh,3.20,102
6,spotify.com,17xqcnBW4CdV6ARXLrKHWy,3.19,110
6,spotify.com,59WVntWmghQXfST8TZRUW9,3.18,31
6,spotify.com,5AiKsq5yODZxY12eykbDGV,3.17,34
6,spotify.com,2hOVupduxeQ6DqNTZ66Wmh,3.16,31
6,spotify.com,3ZBSXNYdTZVaBUQI3E2rF6,3.14,23
6,spotify.com,1gS9gftIanh1oMvqwX2YKy,3.13,34
6,spotify.com,51oGCkKff1Qu4WBX8Uuaby,3.11,34
6,spotify.com,22rkCRquWCsGYoFyQV6Uuu,3.09,39
6,spotify.com,2KjpWqvSKoQh0XIAywplWn,3.07,25
6,spotify.com,69ciJGpXr2UZy3yEnUurbr,3.06,39
6,spotify.com,0VQjOEK6eD6iH2BHuiHy4u,3.05,11
6,spotify.com,3hZtCzZtVULcdJkln9pm3l,3.04,61
6,spotify.com,5PA8Hmk8Iah53tMzxxrznn,3.02,11
6,spotify.com,2vvuFgKz1DVcMDymMI3eBH,3.01,11
0,spotify.com,2TYC9SaRhYypUQzB1ZVTG2,5.00,1143
0,spotify.com,2LTl1pU074hnzAdy0SpHAb,4.98,997
0,spotify.com,5q2hniehVCcIbVL4efDCMY,4.97,995
0,spotify.com,2Ygs64z9ywJGakuKU8tr6o,4.96,985
0,spotify.com,3e0wYnFxkqinmtXebYPMSt,4.95,944
0,spotify.com,1bq6XxdA59f5qJS5mw67Sc,4.94,365
0,spotify.com,0zVcgA0ug30pW6hBXtXKUL,4.93,651
0,spotify.com,5ah63mDLedBAPJrPCxhtt5,4.92,867
0,spotify.com,6UxEOR3EzHo5YXzE1f12v9,4.91,691
0,spotify.com,0Q5YtY85lz5n7rQkeMNpoe,4.90,519
0,spotify.com,5kD9T7GForh8LnRz5ClbL8,4.89,515
0,spotify.com,0y2IOSoxpgGJ3KZDrmat9p,4.88,579
0,spotify.com,3YGg9SjRxud5aWsEjllwXZ,4.87,353
0,spotify.com,6zc7xLlx5rrEUgIuGa7DoR,4.86,562
0,spotify.com,4fqej7naoDXIuulGZtjl1h,4.85,761
0,spotify.com,14UFeUG8RCx1XwSuGF9Tcs,4.84,695
0,spotify.com,6orRbaAgk8QyiXthlxsMnh,4.83,726
0,spotify.com,6jLGsYXIhfmWkqf0N3cxOF,4.82,671
0,spotify.com,3jqFydCMZUOO1evtCsoKJH,4.81,762
0,spotify.com,2gIVqrC5BG8BMeO9r1qtCr,4.79,365
0,spotify.com,6KIb8bMOyN7pFplT0M3ffA,4.78,522
0,spotify.com,0rTZNOc6MUHU68agVQ672b,4.77,347
0,spotify.com,2cSEVjG12sTBjXVJK0SF7Z,4.76,653
0,spotify.com,7GKz0H7kpekx07I5WCMDGJ,4.75,477
0,spotify.com,6GTmGEAiR9pyWN5f1lgXSt,4.74,591
0,spotify.com,4zjJXRSu4u8rfQxkPMK07o,4.73,484
0,spotify.com,4I2GqMe7L2ccMpUbnDzYLH,4.72,566
0,spotify.com,13o0DRf89gTEHrxL31Gh09,4.71,610
0,spotify.com,2tAIjFvRlHjP64J0DKWPJW,4.70,710
0,spotify.com,1ZwuLFPka2ijOPaBersU6K,4.68,726
0,spotify.com,52TSjnEfXo40EzuylAhf6k,4.66,505
0,spotify.com,6MrkFuXDTqWdrRJi3MyrE0,4.63,400
0,spotify.com,2MKqIFvHseB2VZgpdQdKsu,4.62,423
0,spotify.com,44HBcWA1jp22uKjKbwZd7Z,4.61,416
0,spotify.com,4ar5OP7pkWN4BYGqW3GzTJ,4.60,462
0,spotify.com,7IRtnqwBAUDuOsIlUSlQ7h,4.59,678
0,spotify.com,1r1eut6GuXFFDbX0vd9NPv,4.58,841
0,spotify.com,2lwwrWVKdf3LR9lbbhnr6R,4.56,751
0,spotify.com,7dsSXKdehlHtTPwL1KUbvY,4.55,590
0,spotify.com,3kVRKixPYEjrerKc0MZPdK,4.54,695
0,spotify.com,0DCdMiGUOlZM8YRRF2kzR7,4.53,587
0,spotify.com,2ffmPvnKZQqAOAEUo5Klpu,4.52,707
0,spotify.com,4VqPOruhp5EdPBeR92t6lQ,4.51,664
0,spotify.com,2M9ULmQwTaTGmAdXaXpfz5,4.50,727
0,spotify.com,3EPZ5tHpCNueKcXmvXEDxi,4.49,448
0,spotify.com,2UZ6MDDg3y5fTAzQU3YYfo,4.48,458
0,spotify.com,4LPUilkROHl6rI9uTytN9h,4.47,573
0,spotify.com,7IdznjcKCOWhydUH02Istz,4.46,582
0,spotify.com,7FG74DheH8HaSXOS4OeQWj,4.45,412
0,spotify.com,1lKBe4bDNB61QkvZjPBYxJ,4.44,367
0,spotify.com,31Q9ZTF9x81BDonlObCbvP,4.43,401
0,spotify.com,3e5rEt48191MwuHWBDwOcZ,4.42,439
0,spotify.com,6HNruFQlzQx4ulL4ppRLYI,4.41,440
0,spotify.com,1umy8LK9rPrGCQTtPLYE3t,4.40,400
0,spotify.com,742elOBEMLPUtaGDumo5Qz,4.39,488
0,spotify.com,5MxNLUsfh7uzROypsoO5qe,4.38,368
0,spotify.com,4IrmWy6NFy5kpZC01rWcRx,4.37,500
0,spotify.com,7lJcj7F7GuDye26vYSk1bM,4.36,549
0,spotify.com,7qdtmrXxaK0XR8AEeG1d0F,4.35,599
0,spotify.com,39sUeHQoIGY6BEIcgTMRXW,4.34,475
0,spotify.com,5rb9QrpfcKFHM1EUbSIurX,4.33,375
0,spotify.com,576hBTV6sFsLOpoEaqW1Jv,4.32,697
0,spotify.com,1ExW9geJzAZZH0xzsWvCcw,4.31,385
0,spotify.com,1pKYYY0dkg23sQQXi0Q5zN,4.30,316
0,spotify.com,5vQXxfGn1bjv5WESrYVVpw,4.29,789
0,spotify.com,0KgciKBUO7Wl18eX4Ldhq7,4.28,424
0,spotify.com,4MOHOrZFnYeNcSGSl6UyPn,4.27,434
0,spotify.com,2R7f66MfBXjr5DfL0g3u6J,4.26,345
0,spotify.com,57bJXivj8NfICIzPgNr08Z,4.24,385
0,spotify.com,1vcxF91pWs9uNwDROuiCPB,4.23,593
0,spotify.com,6Cv09gbV6mHXshhiHE1JO4,4.22,351
0,spotify.com,4zweVv3Wa6XgexhoUOzkYs,4.21,1262
0,spotify.com,0It6VJoMAare1zdV2wxqZq,4.20,406
0,spotify.com,1zOaxkbS1kAY1gIi0g8sOm,4.19,340
0,spotify.com,5a8PsqWOuGh7FR1tC6UKUs,4.17,484
0,spotify.com,4N5FWMoa2VWSr0vWcPlZPG,4.16,326
0,spotify.com,1NyFRrFiJAJIaR6icj1goI,4.15,429
0,spotify.com,5dKBaysNJtfpyNTRa5lqDb,4.13,465
0,spotify.com,0VZ9xPNa6ROafP6GYYuv2S,4.12,740
0,spotify.com,3b8HFl9IaZp95TNPmCf0B2,4.11,407
0,spotify.com,2dgyv3NrDuKx0pc1E79Icb,4.10,468
0,spotify.com,3s9550inr2UyOtWWiBc89F,4.09,344
0,spotify.com,0InFAWpnO2z5ZcO2zJUtIH,4.08,402
0,spotify.com,0mWiuXuLAJ3Brin3Or2x6v,4.07,342
0,spotify.com,26nr9XnFCYWxBTIP7HyWXg,4.06,364
0,spotify.com,1Q7apbyCNuDbZbd618dLtT,4.05,574
0,spotify.com,3HOxJ3ZX23eTXXxLjrXNbY,4.04,378
0,spotify.com,5iW1BuP8SARrIz6rmSdibY,4.03,293
0,spotify.com,0ADZ5dmXhlfzjMw6lefoPl,4.02,322
0,spotify.com,4yAVpNElPk8ml1zGwxtwxv,4.00,436
0,spotify.com,1yjFanv1lKhZeh6XiGHx3e,3.99,336
0,spotify.com,2PcMytOXfhvDm5XaXn8SPQ,3.98,565
0,spotify.com,5xK7K6C2Gpme46F9paZH1t,3.97,348
0,spotify.com,5nHRIKsXDwUpse9gzrAxLR,3.96,380
0,spotify.com,10ViidwjGLCfVtGPfdcszR,3.95,697
0,spotify.com,7aTt1NuTHTGxgr16CKIH0U,3.94,362
0,spotify.com,3w2o5tO1ThThRQUlPDgxqd,3.93,374
0,spotify.com,0cs7BfenkAuxTVJv96KMme,3.92,499
0,spotify.com,0qNAiA1JEOPxcWP3KB4nsB,3.91,850
0,spotify.com,4vTcPHQlE3zTULythSilu0,3.90,458
0,spotify.com,5oidljiMjeJTWUGZ4TfFea,3.89,293
0,spotify.com,22sfUgqzYlgZy9ngBn8pnp,3.88,379
0,spotify.com,6JM3Xc5AxYojZ4HHpgHN49,3.87,856
0,spotify.com,0g1o8gwJKmnIwrqigxjLUd,3.85,278
0,spotify.com,7EYR17bHR2ZkJ8o2mKSJDU,3.83,485
0,spotify.com,44oWUoJ61CgiH948b3pF6J,3.82,293
0,spotify.com,4QbpBv2ka7Zpbrrl5QFAgy,3.81,490
0,spotify.com,0PMgaQFz7F8gvbLJheLXPj,3.80,282
0,spotify.com,0ZEhlT9v8CdOKu55zhYGv9,3.79,269
0,spotify.com,42hwjij0VmBP3ngqoTrmvl,3.78,492
0,spotify.com,4xp6O8cMjMZiIn0TrNC3ji,3.77,306
0,spotify.com,5CGRCPBsqQWs6y5gYVKufI,3.76,403
0,spotify.com,1qfYG2JrchEyJiqKnkE7YQ,3.75,319
0,spotify.com,4xT0Y1EOq5mwTI7Wm3GK6O,3.74,315
0,spotify.com,6nCDnzErqalOaIY3EJM8NK,3.72,325
0,spotify.com,3v9d3mqrggioOlEqa8niBS,3.71,74
0,spotify.com,3hZtCzZtVULcdJkln9pm3l,3.70,256
0,spotify.com,5BP0oaQ1VhuaznT77CBXQp,3.69,263
0,spotify.com,7968fxC9GmlqTiYRXT499O,3.68,480
0,spotify.com,4fikIMteIThAsCtwkSJ75w,3.67,231
0,spotify.com,4iZqNWf2ztEYvw41wnF4Df,3.66,223
0,spotify.com,2J1IxkhqZ2FnydAsvZjuhZ,3.65,232
0,spotify.com,0Bi6CgpgSVCRXwNLXNlRNl,3.63,268
0,spotify.com,2mxd6wnlVwLyfm03OurmED,3.62,326
0,spotify.com,2kbAFQ30mjhn1KulfJB7Vk,3.61,360
0,spotify.com,1ogUJHv5Nu9S6yC2Cv6Pvh,3.59,455
0,spotify.com,5MzjN4pg411OErJ1U2F3bj,3.58,274
0,spotify.com,4WEqIwv2qr1UwTW468SRuw,3.57,327
0,spotify.com,7eEXXED3AUJErvOSx9quZV,3.55,315
0,spotify.com,24H5KPBdSvHQMRXTp12K3J,3.54,293
0,spotify.com,1Bq69dKQp8Kf3sMizZidaM,3.51,193
0,spotify.com,78DAnFAmuBbekO4LeuhRkR,3.49,216
0,spotify.com,69ciJGpXr2UZy3yEnUurbr,3.48,186
0,spotify.com,1CRDfNPQbtCGcqeAAgBGdW,3.45,346
0,spotify.com,1edBcTyZqUmrQ7SriwJzof,3.44,274
0,spotify.com,4lowO1mREnjCG1rUMQAuuG,3.42,150
0,spotify.com,5fQQDsc1SxPYADUTD2EV2N,3.36,204
0,spotify.com,1zlXCEdVDBptIuMU8vqRnR,3.35,388
0,spotify.com,3GpdNg7Krt9vjc6tgDoKe1,3.34,183
0,spotify.com,11RmaYMwhL2noFcwjKvSZd,3.33,313
0,spotify.com,1gS9gftIanh1oMvqwX2YKy,3.31,142
0,spotify.com,6MI9unN5nm2KlfS0QUjOoe,3.28,462
0,spotify.com,4B6BzjDSurNtids9TU4jdE,3.27,214
0,spotify.com,1RsHl6tAFFMOw96MMStYfT,3.26,239
0,spotify.com,0Fghw1Ky3HNSvj04EtPrnf,3.24,192
0,spotify.com,2HwbtJXoVRn0DziJWKGl1e,3.23,1533
0,spotify.com,15wMCb6SftEF9EomcHff8A,3.22,1226
0,spotify.com,5wBB0bSW7UOPUqma2gi9TZ,3.21,375
0,spotify.com,7qOPap76B81KypLVabU8cQ,3.19,201
0,spotify.com,0pjOjoHMJrerHhiXNRs3GK,3.18,358
0,spotify.com,17xqcnBW4CdV6ARXLrKHWy,3.17,511
0,spotify.com,2p0RE2pkZMajUQmg2M12jY,3.15,272
0,spotify.com,1RC7fHf78Ky6MXU9JKQaJG,3.13,168
0,spotify.com,70HxZbVnoyrfQ4dIWgcYMm,3.08,155
0,spotify.com,4VsfBEm21b3HQXd0wkfLTQ,3.07,103
0,spotify.com,4RQ8ddDCvLEAniw6Eq6TTo,3.05,156
0,spotify.com,5yROQPPwCufE2zjsv4FAmv,3.04,153
0,spotify.com,5AiKsq5yODZxY12eykbDGV,3.03,118
0,spotify.com,2BOeCUehEgKBNBDW2wo6pd,3.01,188
9,spotify.com,2cSEVjG12sTBjXVJK0SF7Z,4.99,87
9,spotify.com,1umy8LK9rPrGCQTtPLYE3t,4.98,56
9,spotify.com,7lJcj7F7GuDye26vYSk1bM,4.97,65
9,spotify.com,1vcxF91pWs9uNwDROuiCPB,4.96,85
9,spotify.com,2TYC9SaRhYypUQzB1ZVTG2,4.95,156
9,spotify.com,5ah63mDLedBAPJrPCxhtt5,4.94,106
9,spotify.com,3kVRKixPYEjrerKc0MZPdK,4.93,78
9,spotify.com,5q2hniehVCcIbVL4efDCMY,4.92,133
9,spotify.com,1r1eut6GuXFFDbX0vd9NPv,4.91,120
9,spotify.com,5a8PsqWOuGh7FR1tC6UKUs,4.90,64
9,spotify.com,2ffmPvnKZQqAOAEUo5Klpu,4.88,103
9,spotify.com,1ZwuLFPka2ijOPaBersU6K,4.87,87
9,spotify.com,7qdtmrXxaK0XR8AEeG1d0F,4.86,92
9,spotify.com,5xWJkWQVLWTWTQCHLOhFO9,4.85,7
9,spotify.com,2UZ6MDDg3y5fTAzQU3YYfo,4.84,49
9,spotify.com,6jLGsYXIhfmWkqf0N3cxOF,4.83,92
9,spotify.com,7IRtnqwBAUDuOsIlUSlQ7h,4.82,101
9,spotify.com,4LPUilkROHl6rI9uTytN9h,4.81,71
9,spotify.com,6MrkFuXDTqWdrRJi3MyrE0,4.80,61
9,spotify.com,7eEXXED3AUJErvOSx9quZV,4.78,42
9,spotify.com,0Q5YtY85lz5n7rQkeMNpoe,4.76,70
9,spotify.com,13o0DRf89gTEHrxL31Gh09,4.75,73
9,spotify.com,39sUeHQoIGY6BEIcgTMRXW,4.73,64
9,spotify.com,5vQXxfGn1bjv5WESrYVVpw,4.72,98
9,spotify.com,3jqFydCMZUOO1evtCsoKJH,4.71,99
9,spotify.com,0y2IOSoxpgGJ3KZDrmat9p,4.70,78
9,spotify.com,5MxNLUsfh7uzROypsoO5qe,4.69,56
9,spotify.com,2LTl1pU074hnzAdy0SpHAb,4.68,134
9,spotify.com,1qfYG2JrchEyJiqKnkE7YQ,4.67,39
9,spotify.com,2Ygs64z9ywJGakuKU8tr6o,4.66,151
9,spotify.com,7GKz0H7kpekx07I5WCMDGJ,4.65,57
9,spotify.com,6GTmGEAiR9pyWN5f1lgXSt,4.64,69
9,spotify.com,0cs7BfenkAuxTVJv96KMme,4.63,70
9,spotify.com,6nCDnzErqalOaIY3EJM8NK,4.62,38
9,spotify.com,5kD9T7GForh8LnRz5ClbL8,4.61,63
9,spotify.com,6UxEOR3EzHo5YXzE1f12v9,4.60,101
9,spotify.com,742elOBEMLPUtaGDumo5Qz,4.59,83
9,spotify.com,0K6GsFLI8po7s9GOuid5tN,4.58,45
9,spotify.com,6orRbaAgk8QyiXthlxsMnh,4.56,89
9,spotify.com,6dMRmfwXYSEOxwTW4zhysj,4.55,40
9,spotify.com,2M9ULmQwTaTGmAdXaXpfz5,4.54,105
9,spotify.com,6zc7xLlx5rrEUgIuGa7DoR,4.52,74
9,spotify.com,0DCdMiGUOlZM8YRRF2kzR7,4.51,72
9,spotify.com,2PcMytOXfhvDm5XaXn8SPQ,4.50,59
9,spotify.com,3HOxJ3ZX23eTXXxLjrXNbY,4.49,59
9,spotify.com,1Q7apbyCNuDbZbd618dLtT,4.47,58
9,spotify.com,7EYR17bHR2ZkJ8o2mKSJDU,4.46,77
9,spotify.com,6JM3Xc5AxYojZ4HHpgHN49,4.45,126
9,spotify.com,5MzjN4pg411OErJ1U2F3bj,4.44,33
9,spotify.com,7IdznjcKCOWhydUH02Istz,4.43,62
9,spotify.com,7aTt1NuTHTGxgr16CKIH0U,4.42,59
9,spotify.com,6SkxGjgzMbD4cBtRpF6AAm,4.41,37
9,spotify.com,48Gp6fl66YhMrA1lmMWiVb,4.40,36
9,spotify.com,7FG74DheH8HaSXOS4OeQWj,4.39,56
9,spotify.com,1RC7fHf78Ky6MXU9JKQaJG,4.38,33
9,spotify.com,0It6VJoMAare1zdV2wxqZq,4.37,62
9,spotify.com,4xp6O8cMjMZiIn0TrNC3ji,4.36,56
9,spotify.com,42hwjij0VmBP3ngqoTrmvl,4.35,74
9,spotify.com,2tAIjFvRlHjP64J0DKWPJW,4.34,91
9,spotify.com,4I2GqMe7L2ccMpUbnDzYLH,4.33,77
9,spotify.com,11RmaYMwhL2noFcwjKvSZd,4.32,48
9,spotify.com,4vTcPHQlE3zTULythSilu0,4.30,76
9,spotify.com,3e0wYnFxkqinmtXebYPMSt,4.29,137
9,spotify.com,5wBB0bSW7UOPUqma2gi9TZ,4.28,46
9,spotify.com,2p0RE2pkZMajUQmg2M12jY,4.27,45
9,spotify.com,2gIVqrC5BG8BMeO9r1qtCr,4.25,49
9,spotify.com,0KgciKBUO7Wl18eX4Ldhq7,4.23,71
9,spotify.com,1RsHl6tAFFMOw96MMStYfT,4.22,47
9,spotify.com,0VZ9xPNa6ROafP6GYYuv2S,4.21,115
9,spotify.com,3hZtCzZtVULcdJkln9pm3l,4.20,46
9,spotify.com,4VQu1ooCteGDynSZYUgvT4,4.19,50
9,spotify.com,52TSjnEfXo40EzuylAhf6k,4.18,64
9,spotify.com,4E6cwWJWZw2zWf7VFbH7wf,4.17,24
9,spotify.com,5rb9QrpfcKFHM1EUbSIurX,4.16,48
9,spotify.com,17rf2oZYDVymJeYI9ftDXc,4.14,33
9,spotify.com,7dsSXKdehlHtTPwL1KUbvY,4.13,88
9,spotify.com,3e5rEt48191MwuHWBDwOcZ,4.10,68
9,spotify.com,5oidljiMjeJTWUGZ4TfFea,4.09,47
9,spotify.com,4fqej7naoDXIuulGZtjl1h,4.07,109
9,spotify.com,4VqPOruhp5EdPBeR92t6lQ,4.05,96
9,spotify.com,576hBTV6sFsLOpoEaqW1Jv,4.04,97
9,spotify.com,31Q9ZTF9x81BDonlObCbvP,4.03,41
9,spotify.com,6KIb8bMOyN7pFplT0M3ffA,4.02,82
9,spotify.com,0InFAWpnO2z5ZcO2zJUtIH,4.01,52
9,spotify.com,14UFeUG8RCx1XwSuGF9Tcs,4.00,103
9,spotify.com,57bJXivj8NfICIzPgNr08Z,3.99,48
9,spotify.com,15wMCb6SftEF9EomcHff8A,3.98,179
9,spotify.com,44oWUoJ61CgiH948b3pF6J,3.96,42
9,spotify.com,0zVcgA0ug30pW6hBXtXKUL,3.95,99
9,spotify.com,3EPZ5tHpCNueKcXmvXEDxi,3.94,75
9,spotify.com,1NyFRrFiJAJIaR6icj1goI,3.93,58
9,spotify.com,2lwwrWVKdf3LR9lbbhnr6R,3.91,102
9,spotify.com,4IrmWy6NFy5kpZC01rWcRx,3.90,63
9,spotify.com,4QbpBv2ka7Zpbrrl5QFAgy,3.89,71
9,spotify.com,4zweVv3Wa6XgexhoUOzkYs,3.88,185
9,spotify.com,4MOHOrZFnYeNcSGSl6UyPn,3.87,59
9,spotify.com,1Jc3tGa11ITNgph0yewlqn,3.86,11
9,spotify.com,0gOyllwzM7IvfuYZ903zNv,3.84,45
9,spotify.com,4WEqIwv2qr1UwTW468SRuw,3.83,48
9,spotify.com,7968fxC9GmlqTiYRXT499O,3.82,58
9,spotify.com,2eoVXXCe2Uryug9QiXH0RI,3.78,30
9,spotify.com,4RNLti9PXDRgvD8dXrqVaX,3.77,42
9,spotify.com,1879aiUSpb1qNoiwtQA2XH,3.76,29
9,spotify.com,4vayH6VTzFiV8aMY5xEDIV,3.75,38
9,spotify.com,69ciJGpXr2UZy3yEnUurbr,3.73,32
9,spotify.com,1bq6XxdA59f5qJS5mw67Sc,3.72,54
9,spotify.com,4iZqNWf2ztEYvw41wnF4Df,3.71,37
9,spotify.com,0qNAiA1JEOPxcWP3KB4nsB,3.70,121
9,spotify.com,10ViidwjGLCfVtGPfdcszR,3.69,100
9,spotify.com,7ETIpeMVkmcTyCNUrm4arS,3.68,34
9,spotify.com,0PMgaQFz7F8gvbLJheLXPj,3.67,45
9,spotify.com,2kbAFQ30mjhn1KulfJB7Vk,3.64,52
9,spotify.com,4xT0Y1EOq5mwTI7Wm3GK6O,3.63,47
9,spotify.com,1lloY2uDHW8QU98TNGFe8J,3.61,40
9,spotify.com,6PvYTAWLe9BfPAfjrwSTVF,3.60,10
9,spotify.com,1JEGqnsq7AnAQqszMYaKsR,3.59,5
9,spotify.com,17PwbYemqwgiOFg0boOFru,3.58,26
9,spotify.com,4B6BzjDSurNtids9TU4jdE,3.57,26
9,spotify.com,5CGRCPBsqQWs6y5gYVKufI,3.55,70
9,spotify.com,1NgvlkVfh6qgAeUbHstIAV,3.54,18
9,spotify.com,3lbx13YshETqbBolc9Hc14,3.52,29
9,spotify.com,1ogUJHv5Nu9S6yC2Cv6Pvh,3.50,66
9,spotify.com,22sfUgqzYlgZy9ngBn8pnp,3.47,52
9,spotify.com,2BOeCUehEgKBNBDW2wo6pd,3.45,38
9,spotify.com,2HwbtJXoVRn0DziJWKGl1e,3.43,247
9,spotify.com,1zlXCEdVDBptIuMU8vqRnR,3.42,51
9,spotify.com,4VeckXkbyYxp8bvJnocdLw,3.41,39
9,spotify.com,1Bq69dKQp8Kf3sMizZidaM,3.39,36
9,spotify.com,00QWKBxVaKanCHV9Oag6f1,3.37,30
9,spotify.com,4lowO1mREnjCG1rUMQAuuG,3.36,25
9,spotify.com,6MI9unN5nm2KlfS0QUjOoe,3.35,78
9,spotify.com,1edBcTyZqUmrQ7SriwJzof,3.34,33
9,spotify.com,5Ad1ND4R2lhWhLlWnu02K9,3.33,11
9,spotify.com,0pjOjoHMJrerHhiXNRs3GK,3.30,52
9,spotify.com,1CRDfNPQbtCGcqeAAgBGdW,3.29,45
9,spotify.com,10hUxEClCG8xsSMyp8aL8R,3.28,24
9,spotify.com,24H5KPBdSvHQMRXTp12K3J,3.26,46
9,spotify.com,0oDMQmipUDEH6ufAZo9QwL,3.25,25
9,spotify.com,2oe4EJqgddv1sqgz1iXIGj,3.24,26
9,spotify.com,17xqcnBW4CdV6ARXLrKHWy,3.23,72
9,spotify.com,1mBmd558ZnPKZx7Xk51oEa,3.21,23
9,spotify.com,1gS9gftIanh1oMvqwX2YKy,3.20,25
9,spotify.com,0ZEhlT9v8CdOKu55zhYGv9,3.19,40
9,spotify.com,3ZBSXNYdTZVaBUQI3E2rF6,3.16,22
9,spotify.com,67pbkCFr16VVeFoQgnEzGu,3.15,11
9,spotify.com,2QR031rbpH1YTMpRFvMafw,3.11,23
9,spotify.com,21FFj5GqlujABc0H06uN8j,3.08,13
9,spotify.com,4VsfBEm21b3HQXd0wkfLTQ,3.07,16
9,spotify.com,76fdPbq1WO1wFUaUzUrCD8,3.05,13
12,spotify.com,4VsfBEm21b3HQXd0wkfLTQ,5.00,19
12,spotify.com,1ZwuLFPka2ijOPaBersU6K,4.99,151
12,spotify.com,2Ygs64z9ywJGakuKU8tr6o,4.98,224
12,spotify.com,3jqFydCMZUOO1evtCsoKJH,4.97,158
12,spotify.com,0y2IOSoxpgGJ3KZDrmat9p,4.96,112
12,spotify.com,5nHRIKsXDwUpse9gzrAxLR,4.95,95
12,spotify.com,1umy8LK9rPrGCQTtPLYE3t,4.94,102
12,spotify.com,4xT0Y1EOq5mwTI7Wm3GK6O,4.93,63
12,spotify.com,0dTmbzrFyzE1KUGjVqGYfJ,4.92,55
12,spotify.com,1vcxF91pWs9uNwDROuiCPB,4.91,129
12,spotify.com,7FG74DheH8HaSXOS4OeQWj,4.90,91
12,spotify.com,6KIb8bMOyN7pFplT0M3ffA,4.89,116
12,spotify.com,2UZ6MDDg3y5fTAzQU3YYfo,4.88,95
12,spotify.com,5dKBaysNJtfpyNTRa5lqDb,4.87,107
12,spotify.com,52TSjnEfXo40EzuylAhf6k,4.86,132
12,spotify.com,5q2hniehVCcIbVL4efDCMY,4.85,205
12,spotify.com,3kVRKixPYEjrerKc0MZPdK,4.84,130
12,spotify.com,39sUeHQoIGY6BEIcgTMRXW,4.83,102
12,spotify.com,57bJXivj8NfICIzPgNr08Z,4.82,84
12,spotify.com,7GKz0H7kpekx07I5WCMDGJ,4.81,127
12,spotify.com,2gIVqrC5BG8BMeO9r1qtCr,4.79,69
12,spotify.com,7dsSXKdehlHtTPwL1KUbvY,4.78,128
12,spotify.com,7qdtmrXxaK0XR8AEeG1d0F,4.77,124
12,spotify.com,2tAIjFvRlHjP64J0DKWPJW,4.76,145
12,spotify.com,4fqej7naoDXIuulGZtjl1h,4.75,184
12,spotify.com,5a8PsqWOuGh7FR1tC6UKUs,4.74,118
12,spotify.com,1yjFanv1lKhZeh6XiGHx3e,4.73,72
12,spotify.com,5BP0oaQ1VhuaznT77CBXQp,4.71,73
12,spotify.com,4yAVpNElPk8ml1zGwxtwxv,4.70,107
12,spotify.com,6HNruFQlzQx4ulL4ppRLYI,4.69,92
12,spotify.com,2LTl1pU074hnzAdy0SpHAb,4.68,238
12,spotify.com,1zOaxkbS1kAY1gIi0g8sOm,4.67,73
12,spotify.com,6UxEOR3EzHo5YXzE1f12v9,4.66,146
12,spotify.com,2cSEVjG12sTBjXVJK0SF7Z,4.65,144
12,spotify.com,44HBcWA1jp22uKjKbwZd7Z,4.64,108
12,spotify.com,0zVcgA0ug30pW6hBXtXKUL,4.63,155
12,spotify.com,2ffmPvnKZQqAOAEUo5Klpu,4.62,170
12,spotify.com,2TYC9SaRhYypUQzB1ZVTG2,4.61,238
12,spotify.com,4ar5OP7pkWN4BYGqW3GzTJ,4.59,103
12,spotify.com,5kD9T7GForh8LnRz5ClbL8,4.58,118
12,spotify.com,7IRtnqwBAUDuOsIlUSlQ7h,4.57,154
12,spotify.com,4xp6O8cMjMZiIn0TrNC3ji,4.55,79
12,spotify.com,5oidljiMjeJTWUGZ4TfFea,4.54,64
12,spotify.com,5ah63mDLedBAPJrPCxhtt5,4.52,170
12,spotify.com,76WRHOINx2bIcOgnwBKydI,4.51,57
12,spotify.com,1bq6XxdA59f5qJS5mw67Sc,4.50,80
12,spotify.com,5vQXxfGn1bjv5WESrYVVpw,4.49,147
12,spotify.com,0DCdMiGUOlZM8YRRF2kzR7,4.47,131
12,spotify.com,4MOHOrZFnYeNcSGSl6UyPn,4.46,100
12,spotify.com,3e5rEt48191MwuHWBDwOcZ,4.45,95
12,spotify.com,7IdznjcKCOWhydUH02Istz,4.44,114
12,spotify.com,6GTmGEAiR9pyWN5f1lgXSt,4.43,140
12,spotify.com,1lKBe4bDNB61QkvZjPBYxJ,4.42,81
12,spotify.com,14UFeUG8RCx1XwSuGF9Tcs,4.41,135
12,spotify.com,1Q7apbyCNuDbZbd618dLtT,4.40,122
12,spotify.com,4zjJXRSu4u8rfQxkPMK07o,4.39,110
12,spotify.com,4VQu1ooCteGDynSZYUgvT4,4.38,80
12,spotify.com,6orRbaAgk8QyiXthlxsMnh,4.37,134
12,spotify.com,6zc7xLlx5rrEUgIuGa7DoR,4.36,132
12,spotify.com,0It6VJoMAare1zdV2wxqZq,4.35,92
12,spotify.com,7nnWIPM5hwE3DaUBkvOIpy,4.34,82
12,spotify.com,3HOxJ3ZX23eTXXxLjrXNbY,4.33,88
12,spotify.com,3EPZ5tHpCNueKcXmvXEDxi,4.32,108
12,spotify.com,4zweVv3Wa6XgexhoUOzkYs,4.31,290
12,spotify.com,1r1eut6GuXFFDbX0vd9NPv,4.30,186
12,spotify.com,6jLGsYXIhfmWkqf0N3cxOF,4.29,154
12,spotify.com,2MKqIFvHseB2VZgpdQdKsu,4.28,110
12,spotify.com,6oD0TvHIYmObKNl5Mz05ri,4.27,55
12,spotify.com,0Q5YtY85lz5n7rQkeMNpoe,4.26,99
12,spotify.com,42hwjij0VmBP3ngqoTrmvl,4.24,98
12,spotify.com,2lwwrWVKdf3LR9lbbhnr6R,4.23,180
12,spotify.com,7lJcj7F7GuDye26vYSk1bM,4.22,130
12,spotify.com,4N5FWMoa2VWSr0vWcPlZPG,4.21,70
12,spotify.com,4LPUilkROHl6rI9uTytN9h,4.20,126
12,spotify.com,3e0wYnFxkqinmtXebYPMSt,4.18,197
12,spotify.com,5MxNLUsfh7uzROypsoO5qe,4.17,78
12,spotify.com,4VeckXkbyYxp8bvJnocdLw,4.16,55
12,spotify.com,4vTcPHQlE3zTULythSilu0,4.15,111
12,spotify.com,2mxd6wnlVwLyfm03OurmED,4.14,63
12,spotify.com,4IrmWy6NFy5kpZC01rWcRx,4.13,121
12,spotify.com,2kbAFQ30mjhn1KulfJB7Vk,4.12,77
12,spotify.com,31Q9ZTF9x81BDonlObCbvP,4.11,108
12,spotify.com,2dgyv3NrDuKx0pc1E79Icb,4.10,93
12,spotify.com,3b8HFl9IaZp95TNPmCf0B2,4.09,98
12,spotify.com,1NyFRrFiJAJIaR6icj1goI,4.08,74
12,spotify.com,5wBB0bSW7UOPUqma2gi9TZ,4.07,74
12,spotify.com,13o0DRf89gTEHrxL31Gh09,4.05,123
12,spotify.com,4fikIMteIThAsCtwkSJ75w,4.03,53
12,spotify.com,3w2o5tO1ThThRQUlPDgxqd,4.02,77
12,spotify.com,0VZ9xPNa6ROafP6GYYuv2S,4.00,179
12,spotify.com,6yr8GiTHWvFfi4o6Q5ebdT,3.99,75
12,spotify.com,4iZqNWf2ztEYvw41wnF4Df,3.98,50
12,spotify.com,7EYR17bHR2ZkJ8o2mKSJDU,3.97,114
12,spotify.com,4B6BzjDSurNtids9TU4jdE,3.96,51
12,spotify.com,24H5KPBdSvHQMRXTp12K3J,3.95,71
12,spotify.com,2M9ULmQwTaTGmAdXaXpfz5,3.94,166
12,spotify.com,6JM3Xc5AxYojZ4HHpgHN49,3.93,175
12,spotify.com,742elOBEMLPUtaGDumo5Qz,3.92,110
12,spotify.com,1RsHl6tAFFMOw96MMStYfT,3.91,57
12,spotify.com,576hBTV6sFsLOpoEaqW1Jv,3.90,173
12,spotify.com,2R7f66MfBXjr5DfL0g3u6J,3.89,66
12,spotify.com,0IYGBLj6OutGafLoC5cqsl,3.88,43
12,spotify.com,3s9550inr2UyOtWWiBc89F,3.87,78
12,spotify.com,6MrkFuXDTqWdrRJi3MyrE0,3.86,91
12,spotify.com,4VqPOruhp5EdPBeR92t6lQ,3.84,137
12,spotify.com,22sfUgqzYlgZy9ngBn8pnp,3.83,76
12,spotify.com,5voKHxbIqgBU7fZMX8Lu0T,3.82,70
12,spotify.com,5CGRCPBsqQWs6y5gYVKufI,3.81,92
12,spotify.com,10ViidwjGLCfVtGPfdcszR,3.80,141
12,spotify.com,17rf2oZYDVymJeYI9ftDXc,3.79,45
12,spotify.com,7aTt1NuTHTGxgr16CKIH0U,3.78,91
12,spotify.com,0InFAWpnO2z5ZcO2zJUtIH,3.77,94
12,spotify.com,10hUxEClCG8xsSMyp8aL8R,3.76,29
12,spotify.com,2PcMytOXfhvDm5XaXn8SPQ,3.75,121
12,spotify.com,0cs7BfenkAuxTVJv96KMme,3.74,133
12,spotify.com,4WEqIwv2qr1UwTW468SRuw,3.73,71
12,spotify.com,2byQvsWdHX8xxg6Ml46QLz,3.71,33
12,spotify.com,2HwbtJXoVRn0DziJWKGl1e,3.69,385
12,spotify.com,7qOPap76B81KypLVabU8cQ,3.66,50
12,spotify.com,50iHX5NMLcD5Wp4ax4FPYY,3.64,30
12,spotify.com,0KgciKBUO7Wl18eX4Ldhq7,3.63,85
12,spotify.com,1Bq69dKQp8Kf3sMizZidaM,3.62,60
12,spotify.com,44oWUoJ61CgiH948b3pF6J,3.61,58
12,spotify.com,2p0RE2pkZMajUQmg2M12jY,3.60,65
12,spotify.com,0C2eEsMBj78CLkHNJPjohc,3.59,53
12,spotify.com,0pjOjoHMJrerHhiXNRs3GK,3.56,83
12,spotify.com,17xqcnBW4CdV6ARXLrKHWy,3.55,99
12,spotify.com,15wMCb6SftEF9EomcHff8A,3.53,261
12,spotify.com,69ciJGpXr2UZy3yEnUurbr,3.51,38
12,spotify.com,15Ev5G9uLhXqjBH4t16GQq,3.50,33
12,spotify.com,4I2GqMe7L2ccMpUbnDzYLH,3.49,108
12,spotify.com,1zlXCEdVDBptIuMU8vqRnR,3.48,94
12,spotify.com,2J1IxkhqZ2FnydAsvZjuhZ,3.47,54
12,spotify.com,3hZtCzZtVULcdJkln9pm3l,3.46,52
12,spotify.com,1edBcTyZqUmrQ7SriwJzof,3.45,57
12,spotify.com,1ogUJHv5Nu9S6yC2Cv6Pvh,3.43,93
12,spotify.com,1RC7fHf78Ky6MXU9JKQaJG,3.40,44
12,spotify.com,0qNAiA1JEOPxcWP3KB4nsB,3.38,166
12,spotify.com,5AYXWbqQQsWr5c9ueY7ZAY,3.37,57
12,spotify.com,5MzjN4pg411OErJ1U2F3bj,3.35,58
12,spotify.com,7eEXXED3AUJErvOSx9quZV,3.32,70
12,spotify.com,4XLHo3IWwPC3CaCwm2X41T,3.31,19
12,spotify.com,7968fxC9GmlqTiYRXT499O,3.29,99
12,spotify.com,1qfYG2JrchEyJiqKnkE7YQ,3.27,68
12,spotify.com,2BOeCUehEgKBNBDW2wo6pd,3.25,50
12,spotify.com,11RmaYMwhL2noFcwjKvSZd,3.24,71
12,spotify.com,6MI9unN5nm2KlfS0QUjOoe,3.22,108
12,spotify.com,4QbpBv2ka7Zpbrrl5QFAgy,3.20,120
12,spotify.com,0Fghw1Ky3HNSvj04EtPrnf,3.18,43
12,spotify.com,78DAnFAmuBbekO4LeuhRkR,3.15,49
12,spotify.com,4RQ8ddDCvLEAniw6Eq6TTo,3.14,32
12,spotify.com,00QWKBxVaKanCHV9Oag6f1,3.13,48
12,spotify.com,1CRDfNPQbtCGcqeAAgBGdW,3.11,69
12,spotify.com,2THkQauDWMvJgXFGPY4iKB,3.10,33
12,spotify.com,3GpdNg7Krt9vjc6tgDoKe1,3.08,46
12,spotify.com,4A1e0UIMPO86xcLfD1G9oy,3.03,28
12,spotify.com,4eEjl5Js5xR650w08mLOIn,3.02,5
7,spotify.com,0KgciKBUO7Wl18eX4Ldhq7,4.99,5
7,spotify.com,0VZ9xPNa6ROafP6GYYuv2S,4.98,12
7,spotify.com,7aTt1NuTHTGxgr16CKIH0U,4.97,8
7,spotify.com,7IRtnqwBAUDuOsIlUSlQ7h,4.96,8
7,spotify.com,5q2hniehVCcIbVL4efDCMY,4.94,10
7,spotify.com,2LTl1pU074hnzAdy0SpHAb,4.93,13
7,spotify.com,4zweVv3Wa6XgexhoUOzkYs,4.92,14
7,spotify.com,01c2KAb4JOB4uchgl3C1y0,4.91,5
7,spotify.com,4fqej7naoDXIuulGZtjl1h,4.90,10
7,spotify.com,4IrmWy6NFy5kpZC01rWcRx,4.89,6
7,spotify.com,2ffmPvnKZQqAOAEUo5Klpu,4.88,11
7,spotify.com,3e0wYnFxkqinmtXebYPMSt,4.87,10
7,spotify.com,1r1eut6GuXFFDbX0vd9NPv,4.86,9
7,spotify.com,2tAIjFvRlHjP64J0DKWPJW,4.85,9
7,spotify.com,4I2GqMe7L2ccMpUbnDzYLH,4.83,7
7,spotify.com,6UxEOR3EzHo5YXzE1f12v9,4.82,7
7,spotify.com,4QbpBv2ka7Zpbrrl5QFAgy,4.81,7
7,spotify.com,576hBTV6sFsLOpoEaqW1Jv,4.80,8
7,spotify.com,5vQXxfGn1bjv5WESrYVVpw,4.79,8
7,spotify.com,1CRDfNPQbtCGcqeAAgBGdW,4.78,6
7,spotify.com,4WEqIwv2qr1UwTW468SRuw,4.77,6
7,spotify.com,5a8PsqWOuGh7FR1tC6UKUs,4.76,6
7,spotify.com,4ar5OP7pkWN4BYGqW3GzTJ,4.74,5
7,spotify.com,2Ygs64z9ywJGakuKU8tr6o,4.73,7
7,spotify.com,6jLGsYXIhfmWkqf0N3cxOF,4.72,6
7,spotify.com,5dKBaysNJtfpyNTRa5lqDb,4.71,6
7,spotify.com,14UFeUG8RCx1XwSuGF9Tcs,4.70,5
7,spotify.com,10ViidwjGLCfVtGPfdcszR,4.69,10
7,spotify.com,1vcxF91pWs9uNwDROuiCPB,4.68,10
7,spotify.com,7GKz0H7kpekx07I5WCMDGJ,4.67,7
7,spotify.com,6JM3Xc5AxYojZ4HHpgHN49,4.66,12
7,spotify.com,6GTmGEAiR9pyWN5f1lgXSt,4.65,5
7,spotify.com,6MI9unN5nm2KlfS0QUjOoe,4.64,8
7,spotify.com,7IdznjcKCOWhydUH02Istz,4.63,8
7,spotify.com,2M9ULmQwTaTGmAdXaXpfz5,4.62,10
7,spotify.com,2TYC9SaRhYypUQzB1ZVTG2,4.61,7
7,spotify.com,2lwwrWVKdf3LR9lbbhnr6R,4.60,8
7,spotify.com,13o0DRf89gTEHrxL31Gh09,4.58,7
7,spotify.com,6zc7xLlx5rrEUgIuGa7DoR,4.57,7
7,spotify.com,52TSjnEfXo40EzuylAhf6k,4.56,7
7,spotify.com,7qdtmrXxaK0XR8AEeG1d0F,4.55,7
7,spotify.com,0qNAiA1JEOPxcWP3KB4nsB,4.54,6
7,spotify.com,4MOHOrZFnYeNcSGSl6UyPn,4.52,6
7,spotify.com,4VqPOruhp5EdPBeR92t6lQ,4.51,6
7,spotify.com,42hwjij0VmBP3ngqoTrmvl,4.50,7
7,spotify.com,7lJcj7F7GuDye26vYSk1bM,4.49,11
7,spotify.com,5ah63mDLedBAPJrPCxhtt5,4.48,11
7,spotify.com,4VQu1ooCteGDynSZYUgvT4,4.47,5
7,spotify.com,2HwbtJXoVRn0DziJWKGl1e,4.46,15
7,spotify.com,4vTcPHQlE3zTULythSilu0,4.45,8
7,spotify.com,5wBB0bSW7UOPUqma2gi9TZ,4.41,7
7,spotify.com,15wMCb6SftEF9EomcHff8A,4.39,12
7,spotify.com,5CGRCPBsqQWs6y5gYVKufI,4.34,6
7,spotify.com,7nnWIPM5hwE3DaUBkvOIpy,4.33,5
8,spotify.com,38yNO4vxCC5YDB2orOwGpu,5.00,62
8,spotify.com,5q2hniehVCcIbVL4efDCMY,4.98,472
8,spotify.com,2Ygs64z9ywJGakuKU8tr6o,4.97,556
8,spotify.com,2tAIjFvRlHjP64J0DKWPJW,4.96,376
8,spotify.com,31Q9ZTF9x81BDonlObCbvP,4.95,234
8,spotify.com,3kVRKixPYEjrerKc0MZPdK,4.94,326
8,spotify.com,2TYC9SaRhYypUQzB1ZVTG2,4.93,560
8,spotify.com,3jqFydCMZUOO1evtCsoKJH,4.92,395
8,spotify.com,1umy8LK9rPrGCQTtPLYE3t,4.91,218
8,spotify.com,3e0wYnFxkqinmtXebYPMSt,4.90,470
8,spotify.com,5rb9QrpfcKFHM1EUbSIurX,4.89,196
8,spotify.com,1r1eut6GuXFFDbX0vd9NPv,4.88,435
8,spotify.com,6orRbaAgk8QyiXthlxsMnh,4.87,353
8,spotify.com,6MrkFuXDTqWdrRJi3MyrE0,4.86,209
8,spotify.com,13o0DRf89gTEHrxL31Gh09,4.85,283
8,spotify.com,1ZwuLFPka2ijOPaBersU6K,4.84,373
8,spotify.com,39sUeHQoIGY6BEIcgTMRXW,4.83,252
8,spotify.com,6zc7xLlx5rrEUgIuGa7DoR,4.82,316
8,spotify.com,7FG74DheH8HaSXOS4OeQWj,4.81,249
8,spotify.com,7GKz0H7kpekx07I5WCMDGJ,4.80,262
8,spotify.com,4VqPOruhp5EdPBeR92t6lQ,4.79,344
8,spotify.com,4ar5OP7pkWN4BYGqW3GzTJ,4.78,223
8,spotify.com,44HBcWA1jp22uKjKbwZd7Z,4.77,238
8,spotify.com,14UFeUG8RCx1XwSuGF9Tcs,4.75,365
8,spotify.com,0It6VJoMAare1zdV2wxqZq,4.74,192
8,spotify.com,2UZ6MDDg3y5fTAzQU3YYfo,4.72,239
8,spotify.com,2lwwrWVKdf3LR9lbbhnr6R,4.71,374
8,spotify.com,4LPUilkROHl6rI9uTytN9h,4.70,302
8,spotify.com,2M9ULmQwTaTGmAdXaXpfz5,4.69,387
8,spotify.com,2cSEVjG12sTBjXVJK0SF7Z,4.68,364
8,spotify.com,2LTl1pU074hnzAdy0SpHAb,4.67,538
8,spotify.com,5vQXxfGn1bjv5WESrYVVpw,4.66,417
8,spotify.com,57bJXivj8NfICIzPgNr08Z,4.65,201
8,spotify.com,0zVcgA0ug30pW6hBXtXKUL,4.64,374
8,spotify.com,7lJcj7F7GuDye26vYSk1bM,4.63,301
8,spotify.com,5a8PsqWOuGh7FR1tC6UKUs,4.62,265
8,spotify.com,3s9550inr2UyOtWWiBc89F,4.61,185
8,spotify.com,6jLGsYXIhfmWkqf0N3cxOF,4.60,365
8,spotify.com,7EYR17bHR2ZkJ8o2mKSJDU,4.59,254
8,spotify.com,3EPZ5tHpCNueKcXmvXEDxi,4.57,236
8,spotify.com,7qdtmrXxaK0XR8AEeG1d0F,4.56,356
8,spotify.com,4VQu1ooCteGDynSZYUgvT4,4.55,175
8,spotify.com,2ffmPvnKZQqAOAEUo5Klpu,4.54,393
8,spotify.com,1vcxF91pWs9uNwDROuiCPB,4.52,282
8,spotify.com,4fqej7naoDXIuulGZtjl1h,4.51,408
8,spotify.com,3YGg9SjRxud5aWsEjllwXZ,4.50,189
8,spotify.com,6UxEOR3EzHo5YXzE1f12v9,4.49,336
8,spotify.com,2PcMytOXfhvDm5XaXn8SPQ,4.48,284
8,spotify.com,0DCdMiGUOlZM8YRRF2kzR7,4.47,291
8,spotify.com,6HNruFQlzQx4ulL4ppRLYI,4.46,216
8,spotify.com,5iW1BuP8SARrIz6rmSdibY,4.45,172
8,spotify.com,576hBTV6sFsLOpoEaqW1Jv,4.44,363
8,spotify.com,7dsSXKdehlHtTPwL1KUbvY,4.43,306
8,spotify.com,3HOxJ3ZX23eTXXxLjrXNbY,4.42,209
8,spotify.com,0VZ9xPNa6ROafP6GYYuv2S,4.41,362
8,spotify.com,52TSjnEfXo40EzuylAhf6k,4.40,242
8,spotify.com,742elOBEMLPUtaGDumo5Qz,4.39,255
8,spotify.com,5ah63mDLedBAPJrPCxhtt5,4.37,474
8,spotify.com,0rTZNOc6MUHU68agVQ672b,4.36,164
8,spotify.com,4zjJXRSu4u8rfQxkPMK07o,4.34,247
8,spotify.com,1bq6XxdA59f5qJS5mw67Sc,4.33,205
8,spotify.com,4I2GqMe7L2ccMpUbnDzYLH,4.32,275
8,spotify.com,1zOaxkbS1kAY1gIi0g8sOm,4.31,204
8,spotify.com,7IRtnqwBAUDuOsIlUSlQ7h,4.30,373
8,spotify.com,5kD9T7GForh8LnRz5ClbL8,4.29,273
8,spotify.com,4IrmWy6NFy5kpZC01rWcRx,4.28,201
8,spotify.com,5dKBaysNJtfpyNTRa5lqDb,4.27,230
8,spotify.com,7IdznjcKCOWhydUH02Istz,4.26,289
8,spotify.com,0y2IOSoxpgGJ3KZDrmat9p,4.25,283
8,spotify.com,5oidljiMjeJTWUGZ4TfFea,4.24,153
8,spotify.com,4yAVpNElPk8ml1zGwxtwxv,4.23,226
8,spotify.com,0Q5YtY85lz5n7rQkeMNpoe,4.21,278
8,spotify.com,0Bi6CgpgSVCRXwNLXNlRNl,4.20,133
8,spotify.com,2MKqIFvHseB2VZgpdQdKsu,4.18,231
8,spotify.com,7nnWIPM5hwE3DaUBkvOIpy,4.17,175
8,spotify.com,4vTcPHQlE3zTULythSilu0,4.15,269
8,spotify.com,4xT0Y1EOq5mwTI7Wm3GK6O,4.14,154
8,spotify.com,1ExW9geJzAZZH0xzsWvCcw,4.13,226
8,spotify.com,5MxNLUsfh7uzROypsoO5qe,4.12,191
8,spotify.com,6yr8GiTHWvFfi4o6Q5ebdT,4.11,173
8,spotify.com,42hwjij0VmBP3ngqoTrmvl,4.10,255
8,spotify.com,4xp6O8cMjMZiIn0TrNC3ji,4.09,182
8,spotify.com,1lKBe4bDNB61QkvZjPBYxJ,4.08,192
8,spotify.com,5nHRIKsXDwUpse9gzrAxLR,4.07,175
8,spotify.com,2gIVqrC5BG8BMeO9r1qtCr,4.06,162
8,spotify.com,10ViidwjGLCfVtGPfdcszR,4.05,357
8,spotify.com,2dgyv3NrDuKx0pc1E79Icb,4.04,245
8,spotify.com,4zweVv3Wa6XgexhoUOzkYs,4.03,643
8,spotify.com,1yjFanv1lKhZeh6XiGHx3e,4.02,155
8,spotify.com,6KIb8bMOyN7pFplT0M3ffA,4.01,276
8,spotify.com,6GTmGEAiR9pyWN5f1lgXSt,4.00,291
8,spotify.com,22sfUgqzYlgZy9ngBn8pnp,3.99,195
8,spotify.com,0KgciKBUO7Wl18eX4Ldhq7,3.98,204
8,spotify.com,4N5FWMoa2VWSr0vWcPlZPG,3.97,148
8,spotify.com,6dpIxqrlAzqXE9fNobR4N8,3.93,168
8,spotify.com,4B6BzjDSurNtids9TU4jdE,3.92,107
8,spotify.com,44oWUoJ61CgiH948b3pF6J,3.91,154
8,spotify.com,1Q7apbyCNuDbZbd618dLtT,3.90,287
8,spotify.com,0gOyllwzM7IvfuYZ903zNv,3.89,147
8,spotify.com,6dMRmfwXYSEOxwTW4zhysj,3.88,167
8,spotify.com,5xK7K6C2Gpme46F9paZH1t,3.87,165
8,spotify.com,3w2o5tO1ThThRQUlPDgxqd,3.85,181
8,spotify.com,7aTt1NuTHTGxgr16CKIH0U,3.84,187
8,spotify.com,5GFnWMlpGcjhYi7jWOy7Tw,3.83,125
8,spotify.com,0PMgaQFz7F8gvbLJheLXPj,3.81,128
8,spotify.com,0cs7BfenkAuxTVJv96KMme,3.80,244
8,spotify.com,4MOHOrZFnYeNcSGSl6UyPn,3.79,239
8,spotify.com,22u5G8OqJ79IDaAJ269hZr,3.78,149
8,spotify.com,3b8HFl9IaZp95TNPmCf0B2,3.77,187
8,spotify.com,0ZEhlT9v8CdOKu55zhYGv9,3.76,167
8,spotify.com,7D5n2kpYH2WSqIyEO9MeXf,3.75,136
8,spotify.com,1zlXCEdVDBptIuMU8vqRnR,3.74,194
8,spotify.com,3e5rEt48191MwuHWBDwOcZ,3.71,227
8,spotify.com,11RmaYMwhL2noFcwjKvSZd,3.69,153
8,spotify.com,0qNAiA1JEOPxcWP3KB4nsB,3.68,427
8,spotify.com,6JM3Xc5AxYojZ4HHpgHN49,3.67,465
8,spotify.com,0InFAWpnO2z5ZcO2zJUtIH,3.65,206
8,spotify.com,2eoVXXCe2Uryug9QiXH0RI,3.64,106
8,spotify.com,7eEXXED3AUJErvOSx9quZV,3.63,180
8,spotify.com,0Fghw1Ky3HNSvj04EtPrnf,3.61,109
8,spotify.com,0pjOjoHMJrerHhiXNRs3GK,3.60,217
8,spotify.com,7968fxC9GmlqTiYRXT499O,3.59,236
8,spotify.com,4fikIMteIThAsCtwkSJ75w,3.57,117
8,spotify.com,24H5KPBdSvHQMRXTp12K3J,3.56,153
8,spotify.com,5MzjN4pg411OErJ1U2F3bj,3.55,123
8,spotify.com,1edBcTyZqUmrQ7SriwJzof,3.53,171
8,spotify.com,1ng36571Iyov4HBxUClySn,3.52,41
8,spotify.com,1Bq69dKQp8Kf3sMizZidaM,3.50,123
8,spotify.com,1qfYG2JrchEyJiqKnkE7YQ,3.49,137
8,spotify.com,4QbpBv2ka7Zpbrrl5QFAgy,3.48,270
8,spotify.com,1NyFRrFiJAJIaR6icj1goI,3.45,182
8,spotify.com,2mxd6wnlVwLyfm03OurmED,3.44,155
8,spotify.com,5CGRCPBsqQWs6y5gYVKufI,3.43,220
8,spotify.com,1ogUJHv5Nu9S6yC2Cv6Pvh,3.42,260
8,spotify.com,5wBB0bSW7UOPUqma2gi9TZ,3.41,188
8,spotify.com,1CRDfNPQbtCGcqeAAgBGdW,3.38,170
8,spotify.com,2HwbtJXoVRn0DziJWKGl1e,3.37,841
8,spotify.com,4iZqNWf2ztEYvw41wnF4Df,3.34,129
8,spotify.com,2kbAFQ30mjhn1KulfJB7Vk,3.32,181
8,spotify.com,1gS9gftIanh1oMvqwX2YKy,3.28,77
8,spotify.com,00QWKBxVaKanCHV9Oag6f1,3.26,93
8,spotify.com,2J1IxkhqZ2FnydAsvZjuhZ,3.25,107
8,spotify.com,1RC7fHf78Ky6MXU9JKQaJG,3.24,98
8,spotify.com,15wMCb6SftEF9EomcHff8A,3.22,622
8,spotify.com,5AYXWbqQQsWr5c9ueY7ZAY,3.21,100
8,spotify.com,2THkQauDWMvJgXFGPY4iKB,3.17,85
8,spotify.com,2p0RE2pkZMajUQmg2M12jY,3.16,133
8,spotify.com,6MI9unN5nm2KlfS0QUjOoe,3.15,249
8,spotify.com,78DAnFAmuBbekO4LeuhRkR,3.14,114
8,spotify.com,3hZtCzZtVULcdJkln9pm3l,3.13,124
8,spotify.com,2BOeCUehEgKBNBDW2wo6pd,3.12,110
8,spotify.com,3fuzzW18iqwVXgvVNnS8wN,3.10,21
8,spotify.com,17xqcnBW4CdV6ARXLrKHWy,3.08,242
8,spotify.com,69ciJGpXr2UZy3yEnUurbr,3.07,102
8,spotify.com,2oe4EJqgddv1sqgz1iXIGj,3.06,93
8,spotify.com,21FFj5GqlujABc0H06uN8j,3.03,33
8,spotify.com,6pB1MSK6zXn2Hi3P2lRjgP,3.02,56
1,spotify.com,4yAVpNElPk8ml1zGwxtwxv,5.00,142
1,spotify.com,4zjJXRSu4u8rfQxkPMK07o,4.99,139
1,spotify.com,1yjFanv1lKhZeh6XiGHx3e,4.98,104
1,spotify.com,2tAIjFvRlHjP64J0DKWPJW,4.97,243
1,spotify.com,5kD9T7GForh8LnRz5ClbL8,4.96,165
1,spotify.com,2LTl1pU074hnzAdy0SpHAb,4.95,304
1,spotify.com,2lwwrWVKdf3LR9lbbhnr6R,4.94,227
1,spotify.com,7qdtmrXxaK0XR8AEeG1d0F,4.93,184
1,spotify.com,39sUeHQoIGY6BEIcgTMRXW,4.92,159
1,spotify.com,0KgciKBUO7Wl18eX4Ldhq7,4.91,131
1,spotify.com,4N5FWMoa2VWSr0vWcPlZPG,4.90,110
1,spotify.com,6HNruFQlzQx4ulL4ppRLYI,4.89,135
1,spotify.com,2Ygs64z9ywJGakuKU8tr6o,4.88,310
1,spotify.com,4LPUilkROHl6rI9uTytN9h,4.87,182
1,spotify.com,0y2IOSoxpgGJ3KZDrmat9p,4.86,191
1,spotify.com,0zVcgA0ug30pW6hBXtXKUL,4.85,225
1,spotify.com,14UFeUG8RCx1XwSuGF9Tcs,4.84,234
1,spotify.com,3jqFydCMZUOO1evtCsoKJH,4.83,235
1,spotify.com,6zc7xLlx5rrEUgIuGa7DoR,4.82,208
1,spotify.com,0KAFDq0iB2AII9PDhTHqNd,4.81,99
1,spotify.com,0It6VJoMAare1zdV2wxqZq,4.80,119
1,spotify.com,6jLGsYXIhfmWkqf0N3cxOF,4.79,228
1,spotify.com,10ViidwjGLCfVtGPfdcszR,4.78,233
1,spotify.com,1vcxF91pWs9uNwDROuiCPB,4.77,189
1,spotify.com,3s9550inr2UyOtWWiBc89F,4.75,107
1,spotify.com,2cSEVjG12sTBjXVJK0SF7Z,4.74,208
1,spotify.com,5rb9QrpfcKFHM1EUbSIurX,4.73,130
1,spotify.com,44HBcWA1jp22uKjKbwZd7Z,4.72,136
1,spotify.com,0cfZEZwqwlXlvpbb0jTSVz,4.71,86
1,spotify.com,0Q5YtY85lz5n7rQkeMNpoe,4.70,136
1,spotify.com,5q2hniehVCcIbVL4efDCMY,4.69,279
1,spotify.com,2UZ6MDDg3y5fTAzQU3YYfo,4.68,149
1,spotify.com,3b8HFl9IaZp95TNPmCf0B2,4.67,144
1,spotify.com,7aTt1NuTHTGxgr16CKIH0U,4.66,103
1,spotify.com,44oWUoJ61CgiH948b3pF6J,4.64,101
1,spotify.com,3kVRKixPYEjrerKc0MZPdK,4.62,211
1,spotify.com,1ZwuLFPka2ijOPaBersU6K,4.60,242
1,spotify.com,6KIb8bMOyN7pFplT0M3ffA,4.59,145
1,spotify.com,6UxEOR3EzHo5YXzE1f12v9,4.58,218
1,spotify.com,5ah63mDLedBAPJrPCxhtt5,4.57,289
1,spotify.com,4VqPOruhp5EdPBeR92t6lQ,4.56,195
1,spotify.com,1r1eut6GuXFFDbX0vd9NPv,4.55,271
1,spotify.com,1NyFRrFiJAJIaR6icj1goI,4.54,116
1,spotify.com,6Cv09gbV6mHXshhiHE1JO4,4.53,117
1,spotify.com,0DCdMiGUOlZM8YRRF2kzR7,4.52,214
1,spotify.com,2R7f66MfBXjr5DfL0g3u6J,4.51,97
1,spotify.com,5vQXxfGn1bjv5WESrYVVpw,4.49,220
1,spotify.com,2dgyv3NrDuKx0pc1E79Icb,4.47,145
1,spotify.com,7GKz0H7kpekx07I5WCMDGJ,4.46,136
1,spotify.com,3YGg9SjRxud5aWsEjllwXZ,4.45,101
1,spotify.com,2TYC9SaRhYypUQzB1ZVTG2,4.44,348
1,spotify.com,5dKBaysNJtfpyNTRa5lqDb,4.43,164
1,spotify.com,3HOxJ3ZX23eTXXxLjrXNbY,4.42,130
1,spotify.com,4zweVv3Wa6XgexhoUOzkYs,4.41,398
1,spotify.com,5oidljiMjeJTWUGZ4TfFea,4.40,93
1,spotify.com,2ffmPvnKZQqAOAEUo5Klpu,4.39,249
1,spotify.com,2MKqIFvHseB2VZgpdQdKsu,4.37,135
1,spotify.com,3EPZ5tHpCNueKcXmvXEDxi,4.36,157
1,spotify.com,2gIVqrC5BG8BMeO9r1qtCr,4.35,92
1,spotify.com,3e0wYnFxkqinmtXebYPMSt,4.34,282
1,spotify.com,5nHRIKsXDwUpse9gzrAxLR,4.33,135
1,spotify.com,6orRbaAgk8QyiXthlxsMnh,4.32,228
1,spotify.com,0mWiuXuLAJ3Brin3Or2x6v,4.31,108
1,spotify.com,4ar5OP7pkWN4BYGqW3GzTJ,4.30,138
1,spotify.com,6GTmGEAiR9pyWN5f1lgXSt,4.29,183
1,spotify.com,1bq6XxdA59f5qJS5mw67Sc,4.28,133
1,spotify.com,1zOaxkbS1kAY1gIi0g8sOm,4.27,114
1,spotify.com,5wBB0bSW7UOPUqma2gi9TZ,4.26,121
1,spotify.com,5a8PsqWOuGh7FR1tC6UKUs,4.25,165
1,spotify.com,4MOHOrZFnYeNcSGSl6UyPn,4.24,125
1,spotify.com,6dpIxqrlAzqXE9fNobR4N8,4.23,107
1,spotify.com,0ADZ5dmXhlfzjMw6lefoPl,4.22,102
1,spotify.com,52TSjnEfXo40EzuylAhf6k,4.20,171
1,spotify.com,5BP0oaQ1VhuaznT77CBXQp,4.19,84
1,spotify.com,2M9ULmQwTaTGmAdXaXpfz5,4.18,258
1,spotify.com,5iW1BuP8SARrIz6rmSdibY,4.17,107
1,spotify.com,7IdznjcKCOWhydUH02Istz,4.16,198
1,spotify.com,3e5rEt48191MwuHWBDwOcZ,4.15,140
1,spotify.com,2PcMytOXfhvDm5XaXn8SPQ,4.14,175
1,spotify.com,5MzjN4pg411OErJ1U2F3bj,4.13,75
1,spotify.com,4fqej7naoDXIuulGZtjl1h,4.12,239
1,spotify.com,1Q7apbyCNuDbZbd618dLtT,4.11,175
1,spotify.com,4iZqNWf2ztEYvw41wnF4Df,4.10,75
1,spotify.com,31Q9ZTF9x81BDonlObCbvP,4.09,150
1,spotify.com,26nr9XnFCYWxBTIP7HyWXg,4.07,132
1,spotify.com,4xT0Y1EOq5mwTI7Wm3GK6O,4.06,115
1,spotify.com,4IrmWy6NFy5kpZC01rWcRx,4.05,138
1,spotify.com,7dsSXKdehlHtTPwL1KUbvY,4.04,188
1,spotify.com,57bJXivj8NfICIzPgNr08Z,4.03,100
1,spotify.com,7IRtnqwBAUDuOsIlUSlQ7h,4.02,241
1,spotify.com,576hBTV6sFsLOpoEaqW1Jv,4.01,239
1,spotify.com,7FG74DheH8HaSXOS4OeQWj,4.00,134
1,spotify.com,4I2GqMe7L2ccMpUbnDzYLH,3.99,176
1,spotify.com,13o0DRf89gTEHrxL31Gh09,3.97,204
1,spotify.com,0InFAWpnO2z5ZcO2zJUtIH,3.96,124
1,spotify.com,4QbpBv2ka7Zpbrrl5QFAgy,3.95,159
1,spotify.com,24H5KPBdSvHQMRXTp12K3J,3.94,77
1,spotify.com,4VQu1ooCteGDynSZYUgvT4,3.93,103
1,spotify.com,0MtVmhAx6CxNuxFIUc6Mj9,3.92,89
1,spotify.com,42hwjij0VmBP3ngqoTrmvl,3.91,169
1,spotify.com,79z9QkhHePTFsSeVw9uyj0,3.90,77
1,spotify.com,7qOPap76B81KypLVabU8cQ,3.89,65
1,spotify.com,2POxgf3UEPcTDAzlR0Ob7X,3.88,87
1,spotify.com,76WRHOINx2bIcOgnwBKydI,3.87,85
1,spotify.com,0C2eEsMBj78CLkHNJPjohc,3.86,75
1,spotify.com,2BOeCUehEgKBNBDW2wo6pd,3.84,67
1,spotify.com,6MrkFuXDTqWdrRJi3MyrE0,3.83,125
1,spotify.com,4xp6O8cMjMZiIn0TrNC3ji,3.82,97
1,spotify.com,4vTcPHQlE3zTULythSilu0,3.81,155
1,spotify.com,1ogUJHv5Nu9S6yC2Cv6Pvh,3.80,126
1,spotify.com,0qNAiA1JEOPxcWP3KB4nsB,3.79,273
1,spotify.com,742elOBEMLPUtaGDumo5Qz,3.78,173
1,spotify.com,2kbAFQ30mjhn1KulfJB7Vk,3.77,95
1,spotify.com,0VZ9xPNa6ROafP6GYYuv2S,3.76,250
1,spotify.com,1zlXCEdVDBptIuMU8vqRnR,3.75,125
1,spotify.com,6JM3Xc5AxYojZ4HHpgHN49,3.74,271
1,spotify.com,5fQQDsc1SxPYADUTD2EV2N,3.71,81
1,spotify.com,5CGRCPBsqQWs6y5gYVKufI,3.70,124
1,spotify.com,1CRDfNPQbtCGcqeAAgBGdW,3.69,91
1,spotify.com,22sfUgqzYlgZy9ngBn8pnp,3.67,135
1,spotify.com,7EYR17bHR2ZkJ8o2mKSJDU,3.66,169
1,spotify.com,4WEqIwv2qr1UwTW468SRuw,3.64,83
1,spotify.com,5MxNLUsfh7uzROypsoO5qe,3.62,111
1,spotify.com,7lJcj7F7GuDye26vYSk1bM,3.61,168
1,spotify.com,0ZEhlT9v8CdOKu55zhYGv9,3.60,74
1,spotify.com,0cs7BfenkAuxTVJv96KMme,3.59,159
1,spotify.com,2J1IxkhqZ2FnydAsvZjuhZ,3.58,69
1,spotify.com,1Bq69dKQp8Kf3sMizZidaM,3.55,59
1,spotify.com,1qfYG2JrchEyJiqKnkE7YQ,3.54,73
1,spotify.com,51oGCkKff1Qu4WBX8Uuaby,3.50,40
1,spotify.com,7w2vKDHjOCd9B7M5lGBYn5,3.49,92
1,spotify.com,0pjOjoHMJrerHhiXNRs3GK,3.48,96
1,spotify.com,1RsHl6tAFFMOw96MMStYfT,3.47,76
1,spotify.com,1edBcTyZqUmrQ7SriwJzof,3.45,97
1,spotify.com,1ExW9geJzAZZH0xzsWvCcw,3.44,119
1,spotify.com,11RmaYMwhL2noFcwjKvSZd,3.43,101
1,spotify.com,7eEXXED3AUJErvOSx9quZV,3.40,97
1,spotify.com,17xqcnBW4CdV6ARXLrKHWy,3.37,177
1,spotify.com,3w2o5tO1ThThRQUlPDgxqd,3.36,128
1,spotify.com,2mxd6wnlVwLyfm03OurmED,3.35,71
1,spotify.com,4B6BzjDSurNtids9TU4jdE,3.33,79
1,spotify.com,2HwbtJXoVRn0DziJWKGl1e,3.26,532
1,spotify.com,43mshkHAd4Nl8TQ1CBgraX,3.24,46
1,spotify.com,43XKmLpXZazNLMI47aKjl9,3.23,51
1,spotify.com,4fikIMteIThAsCtwkSJ75w,3.21,60
1,spotify.com,3GpdNg7Krt9vjc6tgDoKe1,3.20,51
1,spotify.com,17rf2oZYDVymJeYI9ftDXc,3.19,60
1,spotify.com,0EKT63mcvEXuB5rxCW9pzP,3.18,73
1,spotify.com,6MI9unN5nm2KlfS0QUjOoe,3.17,159
1,spotify.com,3hZtCzZtVULcdJkln9pm3l,3.16,86
1,spotify.com,15wMCb6SftEF9EomcHff8A,3.15,403
1,spotify.com,7968fxC9GmlqTiYRXT499O,3.14,132
1,spotify.com,2p0RE2pkZMajUQmg2M12jY,3.11,88
1,spotify.com,0Fghw1Ky3HNSvj04EtPrnf,3.09,58
1,spotify.com,7DX8J4uAEKKi4kkix2dQud,3.08,61
1,spotify.com,3lbx13YshETqbBolc9Hc14,3.07,50
1,spotify.com,2rqTnEjknxdHjKAXHMVTtP,3.06,25
2,spotify.com,6UxEOR3EzHo5YXzE1f12v9,5.00,246
2,spotify.com,3kVRKixPYEjrerKc0MZPdK,4.99,239
2,spotify.com,1umy8LK9rPrGCQTtPLYE3t,4.98,140
2,spotify.com,4zjJXRSu4u8rfQxkPMK07o,4.97,182
2,spotify.com,6jLGsYXIhfmWkqf0N3cxOF,4.95,245
2,spotify.com,4fqej7naoDXIuulGZtjl1h,4.94,272
2,spotify.com,57bJXivj8NfICIzPgNr08Z,4.93,140
2,spotify.com,4LPUilkROHl6rI9uTytN9h,4.91,201
2,spotify.com,4N5FWMoa2VWSr0vWcPlZPG,4.90,126
2,spotify.com,4IrmWy6NFy5kpZC01rWcRx,4.89,165
2,spotify.com,2tAIjFvRlHjP64J0DKWPJW,4.88,250
2,spotify.com,7IdznjcKCOWhydUH02Istz,4.87,196
2,spotify.com,6orRbaAgk8QyiXthlxsMnh,4.86,250
2,spotify.com,6HNruFQlzQx4ulL4ppRLYI,4.85,158
2,spotify.com,6zc7xLlx5rrEUgIuGa7DoR,4.84,212
2,spotify.com,6Cv09gbV6mHXshhiHE1JO4,4.83,122
2,spotify.com,7aTt1NuTHTGxgr16CKIH0U,4.82,131
2,spotify.com,5q2hniehVCcIbVL4efDCMY,4.81,338
2,spotify.com,2Ygs64z9ywJGakuKU8tr6o,4.80,359
2,spotify.com,6KIb8bMOyN7pFplT0M3ffA,4.79,178
2,spotify.com,3jqFydCMZUOO1evtCsoKJH,4.78,262
2,spotify.com,1ZwuLFPka2ijOPaBersU6K,4.77,263
2,spotify.com,2LTl1pU074hnzAdy0SpHAb,4.76,354
2,spotify.com,4xp6O8cMjMZiIn0TrNC3ji,4.75,115
2,spotify.com,7lJcj7F7GuDye26vYSk1bM,4.74,201
2,spotify.com,2ffmPvnKZQqAOAEUo5Klpu,4.73,267
2,spotify.com,0g1o8gwJKmnIwrqigxjLUd,4.72,99
2,spotify.com,4ar5OP7pkWN4BYGqW3GzTJ,4.71,153
2,spotify.com,1bq6XxdA59f5qJS5mw67Sc,4.69,133
2,spotify.com,6MrkFuXDTqWdrRJi3MyrE0,4.67,149
2,spotify.com,3b8HFl9IaZp95TNPmCf0B2,4.65,135
2,spotify.com,576hBTV6sFsLOpoEaqW1Jv,4.63,248
2,spotify.com,4VqPOruhp5EdPBeR92t6lQ,4.61,237
2,spotify.com,3e0wYnFxkqinmtXebYPMSt,4.60,337
2,spotify.com,2MKqIFvHseB2VZgpdQdKsu,4.59,156
2,spotify.com,0y2IOSoxpgGJ3KZDrmat9p,4.58,192
2,spotify.com,14UFeUG8RCx1XwSuGF9Tcs,4.57,255
2,spotify.com,6nCDnzErqalOaIY3EJM8NK,4.56,117
2,spotify.com,39sUeHQoIGY6BEIcgTMRXW,4.55,164
2,spotify.com,2lwwrWVKdf3LR9lbbhnr6R,4.54,258
2,spotify.com,5dKBaysNJtfpyNTRa5lqDb,4.53,155
2,spotify.com,1r1eut6GuXFFDbX0vd9NPv,4.52,302
2,spotify.com,31Q9ZTF9x81BDonlObCbvP,4.51,161
2,spotify.com,5iW1BuP8SARrIz6rmSdibY,4.50,125
2,spotify.com,13o0DRf89gTEHrxL31Gh09,4.49,189
2,spotify.com,2cSEVjG12sTBjXVJK0SF7Z,4.48,218
2,spotify.com,0KAFDq0iB2AII9PDhTHqNd,4.46,137
2,spotify.com,0KgciKBUO7Wl18eX4Ldhq7,4.45,139
2,spotify.com,3w2o5tO1ThThRQUlPDgxqd,4.44,135
2,spotify.com,2TYC9SaRhYypUQzB1ZVTG2,4.43,374
2,spotify.com,5a8PsqWOuGh7FR1tC6UKUs,4.42,151
2,spotify.com,4yAVpNElPk8ml1zGwxtwxv,4.41,150
2,spotify.com,5ah63mDLedBAPJrPCxhtt5,4.40,324
2,spotify.com,5rb9QrpfcKFHM1EUbSIurX,4.39,147
2,spotify.com,5vQXxfGn1bjv5WESrYVVpw,4.38,275
2,spotify.com,7GKz0H7kpekx07I5WCMDGJ,4.37,181
2,spotify.com,0InFAWpnO2z5ZcO2zJUtIH,4.36,156
2,spotify.com,1vcxF91pWs9uNwDROuiCPB,4.35,172
2,spotify.com,3HOxJ3ZX23eTXXxLjrXNbY,4.34,129
2,spotify.com,7qdtmrXxaK0XR8AEeG1d0F,4.33,230
2,spotify.com,1ExW9geJzAZZH0xzsWvCcw,4.32,146
2,spotify.com,4I2GqMe7L2ccMpUbnDzYLH,4.31,206
2,spotify.com,1zOaxkbS1kAY1gIi0g8sOm,4.30,136
2,spotify.com,7FG74DheH8HaSXOS4OeQWj,4.29,141
2,spotify.com,2UZ6MDDg3y5fTAzQU3YYfo,4.28,171
2,spotify.com,4MOHOrZFnYeNcSGSl6UyPn,4.27,154
2,spotify.com,0Q5YtY85lz5n7rQkeMNpoe,4.26,172
2,spotify.com,42hwjij0VmBP3ngqoTrmvl,4.25,183
2,spotify.com,2M9ULmQwTaTGmAdXaXpfz5,4.24,259
2,spotify.com,0zVcgA0ug30pW6hBXtXKUL,4.23,246
2,spotify.com,22sfUgqzYlgZy9ngBn8pnp,4.22,142
2,spotify.com,4VQu1ooCteGDynSZYUgvT4,4.21,130
2,spotify.com,7dsSXKdehlHtTPwL1KUbvY,4.20,206
2,spotify.com,4WEqIwv2qr1UwTW468SRuw,4.19,110
2,spotify.com,5CGRCPBsqQWs6y5gYVKufI,4.18,121
2,spotify.com,0cs7BfenkAuxTVJv96KMme,4.17,177
2,spotify.com,0DCdMiGUOlZM8YRRF2kzR7,4.16,188
2,spotify.com,6GTmGEAiR9pyWN5f1lgXSt,4.15,192
2,spotify.com,0qNAiA1JEOPxcWP3KB4nsB,4.13,270
2,spotify.com,0ZEhlT9v8CdOKu55zhYGv9,4.12,111
2,spotify.com,0VZ9xPNa6ROafP6GYYuv2S,4.11,248
2,spotify.com,7EYR17bHR2ZkJ8o2mKSJDU,4.10,181
2,spotify.com,4zweVv3Wa6XgexhoUOzkYs,4.08,453
2,spotify.com,2dgyv3NrDuKx0pc1E79Icb,4.07,157
2,spotify.com,5oidljiMjeJTWUGZ4TfFea,4.06,110
2,spotify.com,3EPZ5tHpCNueKcXmvXEDxi,4.05,159
2,spotify.com,742elOBEMLPUtaGDumo5Qz,4.04,176
2,spotify.com,0It6VJoMAare1zdV2wxqZq,4.03,130
2,spotify.com,1Q7apbyCNuDbZbd618dLtT,4.02,168
2,spotify.com,52TSjnEfXo40EzuylAhf6k,4.01,172
2,spotify.com,6SkxGjgzMbD4cBtRpF6AAm,4.00,82
2,spotify.com,5nHRIKsXDwUpse9gzrAxLR,3.99,133
2,spotify.com,5kD9T7GForh8LnRz5ClbL8,3.98,209
2,spotify.com,6dpIxqrlAzqXE9fNobR4N8,3.97,110
2,spotify.com,5MxNLUsfh7uzROypsoO5qe,3.96,162
2,spotify.com,4vTcPHQlE3zTULythSilu0,3.95,165
2,spotify.com,3s9550inr2UyOtWWiBc89F,3.93,123
2,spotify.com,2PcMytOXfhvDm5XaXn8SPQ,3.92,210
2,spotify.com,44oWUoJ61CgiH948b3pF6J,3.91,108
2,spotify.com,0Fghw1Ky3HNSvj04EtPrnf,3.90,75
2,spotify.com,3e5rEt48191MwuHWBDwOcZ,3.89,161
2,spotify.com,1NyFRrFiJAJIaR6icj1goI,3.87,152
2,spotify.com,0pjOjoHMJrerHhiXNRs3GK,3.86,150
2,spotify.com,6JM3Xc5AxYojZ4HHpgHN49,3.84,304
2,spotify.com,11RmaYMwhL2noFcwjKvSZd,3.83,105
2,spotify.com,2THkQauDWMvJgXFGPY4iKB,3.81,59
2,spotify.com,7IRtnqwBAUDuOsIlUSlQ7h,3.80,250
2,spotify.com,17rf2oZYDVymJeYI9ftDXc,3.78,78
2,spotify.com,5BP0oaQ1VhuaznT77CBXQp,3.77,87
2,spotify.com,15wMCb6SftEF9EomcHff8A,3.76,426
2,spotify.com,1CRDfNPQbtCGcqeAAgBGdW,3.75,111
2,spotify.com,4DYlTnsandJuDRseG6OE6t,3.74,61
2,spotify.com,10ViidwjGLCfVtGPfdcszR,3.70,235
2,spotify.com,4QbpBv2ka7Zpbrrl5QFAgy,3.68,168
2,spotify.com,5CAoHSI4vAPh3g7qk5aQuT,3.67,89
2,spotify.com,2J1IxkhqZ2FnydAsvZjuhZ,3.66,84
2,spotify.com,5GFnWMlpGcjhYi7jWOy7Tw,3.64,85
2,spotify.com,1ogUJHv5Nu9S6yC2Cv6Pvh,3.63,173
2,spotify.com,1edBcTyZqUmrQ7SriwJzof,3.62,96
2,spotify.com,24H5KPBdSvHQMRXTp12K3J,3.61,99
2,spotify.com,17xqcnBW4CdV6ARXLrKHWy,3.60,186
2,spotify.com,0FEVHpFTuSJUY59YQjZm2G,3.58,53
2,spotify.com,7eEXXED3AUJErvOSx9quZV,3.57,122
2,spotify.com,6MI9unN5nm2KlfS0QUjOoe,3.56,155
2,spotify.com,2HwbtJXoVRn0DziJWKGl1e,3.55,603
2,spotify.com,4xT0Y1EOq5mwTI7Wm3GK6O,3.52,109
2,spotify.com,7968fxC9GmlqTiYRXT499O,3.51,156
2,spotify.com,0gOyllwzM7IvfuYZ903zNv,3.49,95
2,spotify.com,4fikIMteIThAsCtwkSJ75w,3.47,71
2,spotify.com,4B6BzjDSurNtids9TU4jdE,3.46,81
2,spotify.com,2mxd6wnlVwLyfm03OurmED,3.44,88
2,spotify.com,5fQQDsc1SxPYADUTD2EV2N,3.42,86
2,spotify.com,3hZtCzZtVULcdJkln9pm3l,3.41,98
2,spotify.com,69ciJGpXr2UZy3yEnUurbr,3.36,80
2,spotify.com,1zlXCEdVDBptIuMU8vqRnR,3.34,152
2,spotify.com,4iZqNWf2ztEYvw41wnF4Df,3.32,61
2,spotify.com,2kbAFQ30mjhn1KulfJB7Vk,3.29,126
2,spotify.com,2oe4EJqgddv1sqgz1iXIGj,3.27,66
2,spotify.com,5MzjN4pg411OErJ1U2F3bj,3.25,110
2,spotify.com,2p0RE2pkZMajUQmg2M12jY,3.23,101
2,spotify.com,70HxZbVnoyrfQ4dIWgcYMm,3.22,54
2,spotify.com,5wBB0bSW7UOPUqma2gi9TZ,3.21,117
2,spotify.com,3ZBSXNYdTZVaBUQI3E2rF6,3.13,52
2,spotify.com,5yROQPPwCufE2zjsv4FAmv,3.10,59
2,spotify.com,3lMaGMqCEIJmoQP7UxPCeE,3.09,38
2,spotify.com,1NgvlkVfh6qgAeUbHstIAV,3.08,37
2,spotify.com,4KoecuyOpZaNFZ0UqVsllc,3.07,31
2,spotify.com,1RC7fHf78Ky6MXU9JKQaJG,3.06,67
2,spotify.com,2BOeCUehEgKBNBDW2wo6pd,3.04,62
2,spotify.com,1mBmd558ZnPKZx7Xk51oEa,3.03,50
2,spotify.com,78DAnFAmuBbekO4LeuhRkR,3.02,68
2,spotify.com,4Ctip22TNL8OzWy3MozIYp,3.01,6
