id,nym,domain,item,rating,num_votes
0,3,spotify.com,4xp6O8cMjMZiIn0TrNC3ji,5.00,26
1,3,spotify.com,4VqPOruhp5EdPBeR92t6lQ,4.98,62
2,3,spotify.com,1ZwuLFPka2ijOPaBersU6K,4.97,75
3,3,spotify.com,5PA8Hmk8Iah53tMzxxrznn,4.96,10
4,3,spotify.com,3kVRKixPYEjrerKc0MZPdK,4.95,73
5,3,spotify.com,2TYC9SaRhYypUQzB1ZVTG2,4.94,119
6,3,spotify.com,6KIb8bMOyN7pFplT0M3ffA,4.93,53
7,3,spotify.com,1zOaxkbS1kAY1gIi0g8sOm,4.92,44
8,3,spotify.com,14UFeUG8RCx1XwSuGF9Tcs,4.91,76
9,3,spotify.com,5dKBaysNJtfpyNTRa5lqDb,4.88,57
10,3,spotify.com,52TSjnEfXo40EzuylAhf6k,4.87,58
11,3,spotify.com,7dsSXKdehlHtTPwL1KUbvY,4.86,82
12,3,spotify.com,5ah63mDLedBAPJrPCxhtt5,4.85,96
13,3,spotify.com,4I2GqMe7L2ccMpUbnDzYLH,4.84,51
14,3,spotify.com,4LPUilkROHl6rI9uTytN9h,4.83,36
15,3,spotify.com,6HNruFQlzQx4ulL4ppRLYI,4.82,48
16,3,spotify.com,0DCdMiGUOlZM8YRRF2kzR7,4.80,68
17,3,spotify.com,7aTt1NuTHTGxgr16CKIH0U,4.79,40
18,3,spotify.com,3e5rEt48191MwuHWBDwOcZ,4.78,41
19,3,spotify.com,1ExW9geJzAZZH0xzsWvCcw,4.77,40
20,3,spotify.com,4IrmWy6NFy5kpZC01rWcRx,4.76,39
21,3,spotify.com,0mWiuXuLAJ3Brin3Or2x6v,4.75,37
22,3,spotify.com,0qNAiA1JEOPxcWP3KB4nsB,4.74,89
23,3,spotify.com,0InFAWpnO2z5ZcO2zJUtIH,4.73,46
24,3,spotify.com,2M9ULmQwTaTGmAdXaXpfz5,4.71,81
25,3,spotify.com,39sUeHQoIGY6BEIcgTMRXW,4.70,47
26,3,spotify.com,1NyFRrFiJAJIaR6icj1goI,4.69,33
27,3,spotify.com,0KgciKBUO7Wl18eX4Ldhq7,4.67,40
28,3,spotify.com,1bq6XxdA59f5qJS5mw67Sc,4.66,35
29,3,spotify.com,4zjJXRSu4u8rfQxkPMK07o,4.65,53
30,3,spotify.com,5vQXxfGn1bjv5WESrYVVpw,4.64,82
31,3,spotify.com,1r1eut6GuXFFDbX0vd9NPv,4.63,86
32,3,spotify.com,2tAIjFvRlHjP64J0DKWPJW,4.62,68
33,3,spotify.com,2PcMytOXfhvDm5XaXn8SPQ,4.61,59
34,3,spotify.com,4xT0Y1EOq5mwTI7Wm3GK6O,4.60,35
35,3,spotify.com,2cSEVjG12sTBjXVJK0SF7Z,4.59,71
36,3,spotify.com,0VZ9xPNa6ROafP6GYYuv2S,4.58,86
37,3,spotify.com,2ffmPvnKZQqAOAEUo5Klpu,4.57,86
38,3,spotify.com,4MOHOrZFnYeNcSGSl6UyPn,4.56,46
39,3,spotify.com,7w2vKDHjOCd9B7M5lGBYn5,4.53,33
40,3,spotify.com,6UxEOR3EzHo5YXzE1f12v9,4.52,66
41,3,spotify.com,5a8PsqWOuGh7FR1tC6UKUs,4.50,59
42,3,spotify.com,7IRtnqwBAUDuOsIlUSlQ7h,4.49,69
43,3,spotify.com,0zVcgA0ug30pW6hBXtXKUL,4.48,61
44,3,spotify.com,6pB1MSK6zXn2Hi3P2lRjgP,4.47,18
45,3,spotify.com,6bsVfiqCFmdUJk0GtGd0R5,4.46,32
46,3,spotify.com,576hBTV6sFsLOpoEaqW1Jv,4.45,61
47,3,spotify.com,7qdtmrXxaK0XR8AEeG1d0F,4.44,70
48,3,spotify.com,6MrkFuXDTqWdrRJi3MyrE0,4.43,44
49,3,spotify.com,7GKz0H7kpekx07I5WCMDGJ,4.42,51
50,3,spotify.com,2lwwrWVKdf3LR9lbbhnr6R,4.41,70
51,3,spotify.com,5wBB0bSW7UOPUqma2gi9TZ,4.40,40
52,3,spotify.com,0rTZNOc6MUHU68agVQ672b,4.39,28
53,3,spotify.com,6jLGsYXIhfmWkqf0N3cxOF,4.38,68
54,3,spotify.com,4ar5OP7pkWN4BYGqW3GzTJ,4.37,46
55,3,spotify.com,3b8HFl9IaZp95TNPmCf0B2,4.36,41
56,3,spotify.com,3HOxJ3ZX23eTXXxLjrXNbY,4.35,36
57,3,spotify.com,5MxNLUsfh7uzROypsoO5qe,4.34,44
58,3,spotify.com,1vcxF91pWs9uNwDROuiCPB,4.33,50
59,3,spotify.com,4vTcPHQlE3zTULythSilu0,4.32,39
60,3,spotify.com,0y2IOSoxpgGJ3KZDrmat9p,4.31,57
61,3,spotify.com,6orRbaAgk8QyiXthlxsMnh,4.30,66
62,3,spotify.com,7qOPap76B81KypLVabU8cQ,4.29,23
63,3,spotify.com,5q2hniehVCcIbVL4efDCMY,4.28,84
64,3,spotify.com,7IdznjcKCOWhydUH02Istz,4.27,63
65,3,spotify.com,13o0DRf89gTEHrxL31Gh09,4.26,61
66,3,spotify.com,7FG74DheH8HaSXOS4OeQWj,4.25,46
67,3,spotify.com,2LTl1pU074hnzAdy0SpHAb,4.24,109
68,3,spotify.com,2Ygs64z9ywJGakuKU8tr6o,4.23,114
69,3,spotify.com,1umy8LK9rPrGCQTtPLYE3t,4.21,46
70,3,spotify.com,2WS86pNg8bPqjNECmgQVEM,4.20,11
71,3,spotify.com,3w2o5tO1ThThRQUlPDgxqd,4.18,39
72,3,spotify.com,11RmaYMwhL2noFcwjKvSZd,4.16,33
73,3,spotify.com,2dgyv3NrDuKx0pc1E79Icb,4.15,44
74,3,spotify.com,22sfUgqzYlgZy9ngBn8pnp,4.14,33
75,3,spotify.com,3Php57hoHQTcjQwFUWTNQ6,4.13,22
76,3,spotify.com,5nHRIKsXDwUpse9gzrAxLR,4.12,45
77,3,spotify.com,3jqFydCMZUOO1evtCsoKJH,4.11,78
78,3,spotify.com,7EYR17bHR2ZkJ8o2mKSJDU,4.10,56
79,3,spotify.com,1CRDfNPQbtCGcqeAAgBGdW,4.08,39
80,3,spotify.com,3e0wYnFxkqinmtXebYPMSt,4.07,93
81,3,spotify.com,4zweVv3Wa6XgexhoUOzkYs,4.06,141
82,3,spotify.com,4fqej7naoDXIuulGZtjl1h,4.05,77
83,3,spotify.com,1Q7apbyCNuDbZbd618dLtT,4.04,66
84,3,spotify.com,5kD9T7GForh8LnRz5ClbL8,4.03,56
85,3,spotify.com,0Q5YtY85lz5n7rQkeMNpoe,4.02,44
86,3,spotify.com,7lJcj7F7GuDye26vYSk1bM,4.00,59
87,3,spotify.com,1ogUJHv5Nu9S6yC2Cv6Pvh,3.98,41
88,3,spotify.com,4yAVpNElPk8ml1zGwxtwxv,3.96,50
89,3,spotify.com,5AYXWbqQQsWr5c9ueY7ZAY,3.93,28
90,3,spotify.com,1RC7fHf78Ky6MXU9JKQaJG,3.92,20
91,3,spotify.com,44HBcWA1jp22uKjKbwZd7Z,3.90,42
92,3,spotify.com,1qfYG2JrchEyJiqKnkE7YQ,3.86,32
93,3,spotify.com,2MKqIFvHseB2VZgpdQdKsu,3.85,37
94,3,spotify.com,6zc7xLlx5rrEUgIuGa7DoR,3.83,66
95,3,spotify.com,6GTmGEAiR9pyWN5f1lgXSt,3.82,56
96,3,spotify.com,0cs7BfenkAuxTVJv96KMme,3.81,58
97,3,spotify.com,22u5G8OqJ79IDaAJ269hZr,3.80,26
98,3,spotify.com,10ViidwjGLCfVtGPfdcszR,3.79,64
99,3,spotify.com,6ysDdhGjIdcoBPdn3zXQOp,3.77,16
100,3,spotify.com,742elOBEMLPUtaGDumo5Qz,3.76,41
101,3,spotify.com,17PwbYemqwgiOFg0boOFru,3.75,23
102,3,spotify.com,1pKYYY0dkg23sQQXi0Q5zN,3.72,35
103,3,spotify.com,1zlXCEdVDBptIuMU8vqRnR,3.71,48
104,3,spotify.com,6MI9unN5nm2KlfS0QUjOoe,3.70,45
105,3,spotify.com,2HwbtJXoVRn0DziJWKGl1e,3.69,170
106,3,spotify.com,0gOyllwzM7IvfuYZ903zNv,3.68,28
107,3,spotify.com,69ciJGpXr2UZy3yEnUurbr,3.67,30
108,3,spotify.com,4QbpBv2ka7Zpbrrl5QFAgy,3.66,55
109,3,spotify.com,2gIVqrC5BG8BMeO9r1qtCr,3.65,31
110,3,spotify.com,5CGRCPBsqQWs6y5gYVKufI,3.64,41
111,3,spotify.com,42hwjij0VmBP3ngqoTrmvl,3.63,51
112,3,spotify.com,00t8f0jxCP556HvIoMulCZ,3.62,26
113,3,spotify.com,4WEqIwv2qr1UwTW468SRuw,3.60,33
114,3,spotify.com,15wMCb6SftEF9EomcHff8A,3.59,139
115,3,spotify.com,1edBcTyZqUmrQ7SriwJzof,3.58,25
116,3,spotify.com,6JM3Xc5AxYojZ4HHpgHN49,3.57,110
117,3,spotify.com,24H5KPBdSvHQMRXTp12K3J,3.56,40
118,3,spotify.com,7eEXXED3AUJErvOSx9quZV,3.54,34
119,3,spotify.com,0KAFDq0iB2AII9PDhTHqNd,3.52,38
120,3,spotify.com,5GFnWMlpGcjhYi7jWOy7Tw,3.51,27
121,3,spotify.com,48Gp6fl66YhMrA1lmMWiVb,3.50,28
122,3,spotify.com,3EPZ5tHpCNueKcXmvXEDxi,3.49,45
123,3,spotify.com,2p0RE2pkZMajUQmg2M12jY,3.47,32
124,3,spotify.com,4cSDT1GU3j03RXyChkz2rJ,3.43,23
125,3,spotify.com,2LlQb7Uoj1kKyGhlkBf9aC,3.42,32
126,3,spotify.com,5AiKsq5yODZxY12eykbDGV,3.41,12
127,3,spotify.com,7968fxC9GmlqTiYRXT499O,3.39,52
128,3,spotify.com,0pjOjoHMJrerHhiXNRs3GK,3.37,45
129,3,spotify.com,4DYlTnsandJuDRseG6OE6t,3.35,22
130,3,spotify.com,3IEoRn7T3yFXgs6XOWwlxv,3.34,12
131,3,spotify.com,5vYA1mW9g2Coh1HUFUSmlb,3.33,21
132,3,spotify.com,3ZBSXNYdTZVaBUQI3E2rF6,3.32,16
133,3,spotify.com,2jGnBsAuN0ikLI1axJYl8J,3.31,20
134,3,spotify.com,1SMgZW8HYAtbdp6Lvv4UqS,3.29,15
135,3,spotify.com,3O0GhCffP8h9ESrM0qrnu2,3.28,9
136,3,spotify.com,78DAnFAmuBbekO4LeuhRkR,3.27,26
137,3,spotify.com,2U0nJXcSulAYNoPA6fTIfZ,3.24,15
138,3,spotify.com,17xqcnBW4CdV6ARXLrKHWy,3.22,54
139,3,spotify.com,2kbAFQ30mjhn1KulfJB7Vk,3.21,36
140,3,spotify.com,3lbx13YshETqbBolc9Hc14,3.18,18
141,3,spotify.com,1iPvdHIQQSNJ4iRm92Bcbx,3.16,21
142,3,spotify.com,3Pbm75H42VmJcWNkPKOvIx,3.15,8
143,3,spotify.com,1gS9gftIanh1oMvqwX2YKy,3.13,14
144,3,spotify.com,2BOeCUehEgKBNBDW2wo6pd,3.12,20
145,3,spotify.com,0mjfUtv8J0qmesRERYBivH,3.11,9
146,14,spotify.com,2PcMytOXfhvDm5XaXn8SPQ,5.00,230
147,14,spotify.com,5q2hniehVCcIbVL4efDCMY,4.99,404
148,14,spotify.com,4yAVpNElPk8ml1zGwxtwxv,4.98,197
149,14,spotify.com,2cSEVjG12sTBjXVJK0SF7Z,4.97,273
150,14,spotify.com,4VQu1ooCteGDynSZYUgvT4,4.96,155
151,14,spotify.com,6orRbaAgk8QyiXthlxsMnh,4.94,305
152,14,spotify.com,0DCdMiGUOlZM8YRRF2kzR7,4.93,262
153,14,spotify.com,2LTl1pU074hnzAdy0SpHAb,4.92,433
154,14,spotify.com,0zVcgA0ug30pW6hBXtXKUL,4.91,313
155,14,spotify.com,6HNruFQlzQx4ulL4ppRLYI,4.90,194
156,14,spotify.com,2TYC9SaRhYypUQzB1ZVTG2,4.89,468
157,14,spotify.com,4zjJXRSu4u8rfQxkPMK07o,4.88,207
158,14,spotify.com,5ah63mDLedBAPJrPCxhtt5,4.87,373
159,14,spotify.com,57bJXivj8NfICIzPgNr08Z,4.86,152
160,14,spotify.com,2ffmPvnKZQqAOAEUo5Klpu,4.85,344
161,14,spotify.com,2M9ULmQwTaTGmAdXaXpfz5,4.84,297
162,14,spotify.com,2tAIjFvRlHjP64J0DKWPJW,4.83,317
163,14,spotify.com,3jqFydCMZUOO1evtCsoKJH,4.82,327
164,14,spotify.com,5a8PsqWOuGh7FR1tC6UKUs,4.81,211
165,14,spotify.com,7GKz0H7kpekx07I5WCMDGJ,4.80,202
166,14,spotify.com,4MOHOrZFnYeNcSGSl6UyPn,4.79,176
167,14,spotify.com,52TSjnEfXo40EzuylAhf6k,4.78,220
168,14,spotify.com,6zc7xLlx5rrEUgIuGa7DoR,4.77,278
169,14,spotify.com,0KAFDq0iB2AII9PDhTHqNd,4.75,150
170,14,spotify.com,5rb9QrpfcKFHM1EUbSIurX,4.74,161
171,14,spotify.com,7FG74DheH8HaSXOS4OeQWj,4.73,178
172,14,spotify.com,6GTmGEAiR9pyWN5f1lgXSt,4.72,254
173,14,spotify.com,3e0wYnFxkqinmtXebYPMSt,4.71,413
174,14,spotify.com,4xp6O8cMjMZiIn0TrNC3ji,4.70,139
175,14,spotify.com,1umy8LK9rPrGCQTtPLYE3t,4.69,191
176,14,spotify.com,31Q9ZTF9x81BDonlObCbvP,4.68,206
177,14,spotify.com,13o0DRf89gTEHrxL31Gh09,4.67,226
178,14,spotify.com,7qdtmrXxaK0XR8AEeG1d0F,4.66,292
179,14,spotify.com,6KIb8bMOyN7pFplT0M3ffA,4.65,233
180,14,spotify.com,0rTZNOc6MUHU68agVQ672b,4.64,157
181,14,spotify.com,2dgyv3NrDuKx0pc1E79Icb,4.63,185
182,14,spotify.com,2UZ6MDDg3y5fTAzQU3YYfo,4.62,200
183,14,spotify.com,6UxEOR3EzHo5YXzE1f12v9,4.61,287
184,14,spotify.com,44HBcWA1jp22uKjKbwZd7Z,4.60,181
185,14,spotify.com,4VqPOruhp5EdPBeR92t6lQ,4.59,283
186,14,spotify.com,1lKBe4bDNB61QkvZjPBYxJ,4.58,175
187,14,spotify.com,0VZ9xPNa6ROafP6GYYuv2S,4.57,325
188,14,spotify.com,6MrkFuXDTqWdrRJi3MyrE0,4.55,176
189,14,spotify.com,4IrmWy6NFy5kpZC01rWcRx,4.54,216
190,14,spotify.com,0Q5YtY85lz5n7rQkeMNpoe,4.53,206
191,14,spotify.com,7EYR17bHR2ZkJ8o2mKSJDU,4.52,203
192,14,spotify.com,0cs7BfenkAuxTVJv96KMme,4.51,208
193,14,spotify.com,39sUeHQoIGY6BEIcgTMRXW,4.50,207
194,14,spotify.com,5vQXxfGn1bjv5WESrYVVpw,4.49,347
195,14,spotify.com,4C9aSjmemop5rXMh5gsRwe,4.48,126
196,14,spotify.com,3EPZ5tHpCNueKcXmvXEDxi,4.47,193
197,14,spotify.com,1ZwuLFPka2ijOPaBersU6K,4.46,316
198,14,spotify.com,14UFeUG8RCx1XwSuGF9Tcs,4.45,319
199,14,spotify.com,2MKqIFvHseB2VZgpdQdKsu,4.43,205
200,14,spotify.com,4I2GqMe7L2ccMpUbnDzYLH,4.42,238
201,14,spotify.com,2Ygs64z9ywJGakuKU8tr6o,4.41,415
202,14,spotify.com,3kVRKixPYEjrerKc0MZPdK,4.39,288
203,14,spotify.com,7IRtnqwBAUDuOsIlUSlQ7h,4.38,290
204,14,spotify.com,1r1eut6GuXFFDbX0vd9NPv,4.37,355
205,14,spotify.com,4fqej7naoDXIuulGZtjl1h,4.35,332
206,14,spotify.com,1Q7apbyCNuDbZbd618dLtT,4.34,241
207,14,spotify.com,6jLGsYXIhfmWkqf0N3cxOF,4.33,323
208,14,spotify.com,7dsSXKdehlHtTPwL1KUbvY,4.32,262
209,14,spotify.com,576hBTV6sFsLOpoEaqW1Jv,4.31,285
210,14,spotify.com,1zOaxkbS1kAY1gIi0g8sOm,4.30,159
211,14,spotify.com,5kD9T7GForh8LnRz5ClbL8,4.28,183
212,14,spotify.com,1yjFanv1lKhZeh6XiGHx3e,4.27,148
213,14,spotify.com,1NyFRrFiJAJIaR6icj1goI,4.26,178
214,14,spotify.com,4vTcPHQlE3zTULythSilu0,4.25,195
215,14,spotify.com,7aTt1NuTHTGxgr16CKIH0U,4.24,182
216,14,spotify.com,3HOxJ3ZX23eTXXxLjrXNbY,4.23,153
217,14,spotify.com,0y2IOSoxpgGJ3KZDrmat9p,4.22,257
218,14,spotify.com,1edBcTyZqUmrQ7SriwJzof,4.21,106
219,14,spotify.com,3e5rEt48191MwuHWBDwOcZ,4.20,187
220,14,spotify.com,4LPUilkROHl6rI9uTytN9h,4.19,256
221,14,spotify.com,4N5FWMoa2VWSr0vWcPlZPG,4.18,149
222,14,spotify.com,7lJcj7F7GuDye26vYSk1bM,4.17,226
223,14,spotify.com,1vcxF91pWs9uNwDROuiCPB,4.16,236
224,14,spotify.com,4ysiI2bYbXcGT8jMXEPQSk,4.15,101
225,14,spotify.com,42hwjij0VmBP3ngqoTrmvl,4.14,209
226,14,spotify.com,5dKBaysNJtfpyNTRa5lqDb,4.13,204
227,14,spotify.com,3w2o5tO1ThThRQUlPDgxqd,4.12,183
228,14,spotify.com,1ExW9geJzAZZH0xzsWvCcw,4.10,172
229,14,spotify.com,5MxNLUsfh7uzROypsoO5qe,4.09,182
230,14,spotify.com,4ar5OP7pkWN4BYGqW3GzTJ,4.08,208
231,14,spotify.com,5xK7K6C2Gpme46F9paZH1t,4.07,137
232,14,spotify.com,3zBBgJOyATAudTntFaP8sZ,4.06,133
233,14,spotify.com,7IdznjcKCOWhydUH02Istz,4.05,281
234,14,spotify.com,00UFNcpaJkD6J4UVp40IMM,4.04,42
235,14,spotify.com,0KgciKBUO7Wl18eX4Ldhq7,4.03,173
236,14,spotify.com,2lwwrWVKdf3LR9lbbhnr6R,4.02,343
237,14,spotify.com,7qOPap76B81KypLVabU8cQ,4.01,82
238,14,spotify.com,1zlXCEdVDBptIuMU8vqRnR,3.99,176
239,14,spotify.com,2mxd6wnlVwLyfm03OurmED,3.97,121
240,14,spotify.com,4QbpBv2ka7Zpbrrl5QFAgy,3.96,196
241,14,spotify.com,1bq6XxdA59f5qJS5mw67Sc,3.95,168
242,14,spotify.com,742elOBEMLPUtaGDumo5Qz,3.94,232
243,14,spotify.com,7nnWIPM5hwE3DaUBkvOIpy,3.93,144
244,14,spotify.com,0It6VJoMAare1zdV2wxqZq,3.91,163
245,14,spotify.com,0InFAWpnO2z5ZcO2zJUtIH,3.90,183
246,14,spotify.com,44oWUoJ61CgiH948b3pF6J,3.88,144
247,14,spotify.com,22sfUgqzYlgZy9ngBn8pnp,3.86,159
248,14,spotify.com,4zweVv3Wa6XgexhoUOzkYs,3.85,554
249,14,spotify.com,0ZEhlT9v8CdOKu55zhYGv9,3.84,122
250,14,spotify.com,48Gp6fl66YhMrA1lmMWiVb,3.83,122
251,14,spotify.com,4VeckXkbyYxp8bvJnocdLw,3.82,84
252,14,spotify.com,0g1o8gwJKmnIwrqigxjLUd,3.81,111
253,14,spotify.com,5BP0oaQ1VhuaznT77CBXQp,3.80,92
254,14,spotify.com,5CGRCPBsqQWs6y5gYVKufI,3.79,182
255,14,spotify.com,24H5KPBdSvHQMRXTp12K3J,3.78,126
256,14,spotify.com,5iW1BuP8SARrIz6rmSdibY,3.76,120
257,14,spotify.com,3b8HFl9IaZp95TNPmCf0B2,3.75,182
258,14,spotify.com,5MzjN4pg411OErJ1U2F3bj,3.72,96
259,14,spotify.com,4B6BzjDSurNtids9TU4jdE,3.69,81
260,14,spotify.com,0qNAiA1JEOPxcWP3KB4nsB,3.68,372
261,14,spotify.com,0PMgaQFz7F8gvbLJheLXPj,3.67,100
262,14,spotify.com,4VsfBEm21b3HQXd0wkfLTQ,3.66,47
263,14,spotify.com,5fQQDsc1SxPYADUTD2EV2N,3.65,95
264,14,spotify.com,6QuYC4Vcr3myWxZRJxg4NZ,3.64,104
265,14,spotify.com,10ViidwjGLCfVtGPfdcszR,3.63,276
266,14,spotify.com,1ogUJHv5Nu9S6yC2Cv6Pvh,3.62,206
267,14,spotify.com,1qfYG2JrchEyJiqKnkE7YQ,3.61,107
268,14,spotify.com,0Fghw1Ky3HNSvj04EtPrnf,3.60,77
269,14,spotify.com,0pjOjoHMJrerHhiXNRs3GK,3.59,147
270,14,spotify.com,6JM3Xc5AxYojZ4HHpgHN49,3.57,372
271,14,spotify.com,7968fxC9GmlqTiYRXT499O,3.53,206
272,14,spotify.com,1RC7fHf78Ky6MXU9JKQaJG,3.52,93
273,14,spotify.com,2HwbtJXoVRn0DziJWKGl1e,3.51,689
274,14,spotify.com,4WEqIwv2qr1UwTW468SRuw,3.50,130
275,14,spotify.com,11RmaYMwhL2noFcwjKvSZd,3.49,140
276,14,spotify.com,7eEXXED3AUJErvOSx9quZV,3.47,130
277,14,spotify.com,1CRDfNPQbtCGcqeAAgBGdW,3.46,136
278,14,spotify.com,2p0RE2pkZMajUQmg2M12jY,3.45,112
279,14,spotify.com,17xqcnBW4CdV6ARXLrKHWy,3.44,211
280,14,spotify.com,5wBB0bSW7UOPUqma2gi9TZ,3.38,142
281,14,spotify.com,2J1IxkhqZ2FnydAsvZjuhZ,3.33,75
282,14,spotify.com,4xT0Y1EOq5mwTI7Wm3GK6O,3.32,141
283,14,spotify.com,78DAnFAmuBbekO4LeuhRkR,3.29,101
284,14,spotify.com,2kbAFQ30mjhn1KulfJB7Vk,3.28,138
285,14,spotify.com,1Bq69dKQp8Kf3sMizZidaM,3.26,90
286,14,spotify.com,00QWKBxVaKanCHV9Oag6f1,3.24,78
287,14,spotify.com,76fdPbq1WO1wFUaUzUrCD8,3.22,38
288,14,spotify.com,2THkQauDWMvJgXFGPY4iKB,3.20,71
289,14,spotify.com,6MI9unN5nm2KlfS0QUjOoe,3.19,211
290,14,spotify.com,2LlQb7Uoj1kKyGhlkBf9aC,3.18,78
291,14,spotify.com,15wMCb6SftEF9EomcHff8A,3.17,491
292,14,spotify.com,6pB1MSK6zXn2Hi3P2lRjgP,3.14,54
293,14,spotify.com,3GpdNg7Krt9vjc6tgDoKe1,3.12,78
294,14,spotify.com,69ciJGpXr2UZy3yEnUurbr,3.11,73
295,14,spotify.com,3v9d3mqrggioOlEqa8niBS,3.08,44
296,14,spotify.com,3lbx13YshETqbBolc9Hc14,3.07,90
297,14,spotify.com,3hZtCzZtVULcdJkln9pm3l,3.06,104
298,14,spotify.com,5AiKsq5yODZxY12eykbDGV,3.04,60
299,14,spotify.com,3fWb2PiTt9MxZe4ixXjP4Y,3.02,9
300,14,spotify.com,2BOeCUehEgKBNBDW2wo6pd,3.01,75
301,10,spotify.com,4xp6O8cMjMZiIn0TrNC3ji,5.00,96
302,10,spotify.com,6orRbaAgk8QyiXthlxsMnh,4.99,167
303,10,spotify.com,5q2hniehVCcIbVL4efDCMY,4.98,253
304,10,spotify.com,4fqej7naoDXIuulGZtjl1h,4.97,210
305,10,spotify.com,7lJcj7F7GuDye26vYSk1bM,4.96,140
306,10,spotify.com,2TYC9SaRhYypUQzB1ZVTG2,4.95,257
307,10,spotify.com,5ah63mDLedBAPJrPCxhtt5,4.94,250
308,10,spotify.com,2MKqIFvHseB2VZgpdQdKsu,4.93,95
309,10,spotify.com,6HNruFQlzQx4ulL4ppRLYI,4.92,109
310,10,spotify.com,1zOaxkbS1kAY1gIi0g8sOm,4.90,85
311,10,spotify.com,5kD9T7GForh8LnRz5ClbL8,4.88,123
312,10,spotify.com,2lwwrWVKdf3LR9lbbhnr6R,4.87,182
313,10,spotify.com,42hwjij0VmBP3ngqoTrmvl,4.86,127
314,10,spotify.com,2LTl1pU074hnzAdy0SpHAb,4.85,231
315,10,spotify.com,6zc7xLlx5rrEUgIuGa7DoR,4.84,139
316,10,spotify.com,3e0wYnFxkqinmtXebYPMSt,4.83,208
317,10,spotify.com,4VQu1ooCteGDynSZYUgvT4,4.82,100
318,10,spotify.com,3b8HFl9IaZp95TNPmCf0B2,4.81,101
319,10,spotify.com,6jLGsYXIhfmWkqf0N3cxOF,4.80,155
320,10,spotify.com,2POxgf3UEPcTDAzlR0Ob7X,4.79,80
321,10,spotify.com,3jqFydCMZUOO1evtCsoKJH,4.78,169
322,10,spotify.com,2ffmPvnKZQqAOAEUo5Klpu,4.77,197
323,10,spotify.com,5BP0oaQ1VhuaznT77CBXQp,4.76,71
324,10,spotify.com,2tAIjFvRlHjP64J0DKWPJW,4.75,170
325,10,spotify.com,2gIVqrC5BG8BMeO9r1qtCr,4.74,96
326,10,spotify.com,0zVcgA0ug30pW6hBXtXKUL,4.73,166
327,10,spotify.com,2Ygs64z9ywJGakuKU8tr6o,4.72,248
328,10,spotify.com,57bJXivj8NfICIzPgNr08Z,4.71,105
329,10,spotify.com,4VqPOruhp5EdPBeR92t6lQ,4.70,166
330,10,spotify.com,31Q9ZTF9x81BDonlObCbvP,4.69,115
331,10,spotify.com,0KgciKBUO7Wl18eX4Ldhq7,4.68,97
332,10,spotify.com,3kVRKixPYEjrerKc0MZPdK,4.67,181
333,10,spotify.com,7IRtnqwBAUDuOsIlUSlQ7h,4.66,185
334,10,spotify.com,5dKBaysNJtfpyNTRa5lqDb,4.65,120
335,10,spotify.com,4LPUilkROHl6rI9uTytN9h,4.64,143
336,10,spotify.com,0Q5YtY85lz5n7rQkeMNpoe,4.63,134
337,10,spotify.com,0rTZNOc6MUHU68agVQ672b,4.62,97
338,10,spotify.com,1vcxF91pWs9uNwDROuiCPB,4.61,123
339,10,spotify.com,2dgyv3NrDuKx0pc1E79Icb,4.60,114
340,10,spotify.com,39sUeHQoIGY6BEIcgTMRXW,4.59,116
341,10,spotify.com,0InFAWpnO2z5ZcO2zJUtIH,4.58,123
342,10,spotify.com,2cSEVjG12sTBjXVJK0SF7Z,4.55,170
343,10,spotify.com,5oidljiMjeJTWUGZ4TfFea,4.54,85
344,10,spotify.com,6KIb8bMOyN7pFplT0M3ffA,4.53,131
345,10,spotify.com,13o0DRf89gTEHrxL31Gh09,4.52,146
346,10,spotify.com,4N5FWMoa2VWSr0vWcPlZPG,4.51,94
347,10,spotify.com,44oWUoJ61CgiH948b3pF6J,4.50,73
348,10,spotify.com,7qdtmrXxaK0XR8AEeG1d0F,4.49,156
349,10,spotify.com,1edBcTyZqUmrQ7SriwJzof,4.47,81
350,10,spotify.com,3HOxJ3ZX23eTXXxLjrXNbY,4.46,111
351,10,spotify.com,14UFeUG8RCx1XwSuGF9Tcs,4.45,188
352,10,spotify.com,0KAFDq0iB2AII9PDhTHqNd,4.44,94
353,10,spotify.com,4yAVpNElPk8ml1zGwxtwxv,4.43,121
354,10,spotify.com,6UxEOR3EzHo5YXzE1f12v9,4.42,153
355,10,spotify.com,7FG74DheH8HaSXOS4OeQWj,4.41,104
356,10,spotify.com,1umy8LK9rPrGCQTtPLYE3t,4.39,100
357,10,spotify.com,1r1eut6GuXFFDbX0vd9NPv,4.38,225
358,10,spotify.com,2mxd6wnlVwLyfm03OurmED,4.37,87
359,10,spotify.com,1Q7apbyCNuDbZbd618dLtT,4.36,151
360,10,spotify.com,5rb9QrpfcKFHM1EUbSIurX,4.35,104
361,10,spotify.com,4vTcPHQlE3zTULythSilu0,4.34,123
362,10,spotify.com,5iW1BuP8SARrIz6rmSdibY,4.33,72
363,10,spotify.com,576hBTV6sFsLOpoEaqW1Jv,4.32,203
364,10,spotify.com,4xT0Y1EOq5mwTI7Wm3GK6O,4.31,89
365,10,spotify.com,2PcMytOXfhvDm5XaXn8SPQ,4.30,118
366,10,spotify.com,22sfUgqzYlgZy9ngBn8pnp,4.29,84
367,10,spotify.com,6GTmGEAiR9pyWN5f1lgXSt,4.28,145
368,10,spotify.com,0K6GsFLI8po7s9GOuid5tN,4.27,89
369,10,spotify.com,4ar5OP7pkWN4BYGqW3GzTJ,4.26,113
370,10,spotify.com,6dMRmfwXYSEOxwTW4zhysj,4.25,80
371,10,spotify.com,4MOHOrZFnYeNcSGSl6UyPn,4.24,103
372,10,spotify.com,5CGRCPBsqQWs6y5gYVKufI,4.23,123
373,10,spotify.com,0DCdMiGUOlZM8YRRF2kzR7,4.22,150
374,10,spotify.com,1bq6XxdA59f5qJS5mw67Sc,4.21,107
375,10,spotify.com,4iZqNWf2ztEYvw41wnF4Df,4.20,71
376,10,spotify.com,5MxNLUsfh7uzROypsoO5qe,4.19,96
377,10,spotify.com,3e5rEt48191MwuHWBDwOcZ,4.18,128
378,10,spotify.com,0VZ9xPNa6ROafP6GYYuv2S,4.17,193
379,10,spotify.com,2M9ULmQwTaTGmAdXaXpfz5,4.16,176
380,10,spotify.com,4I2GqMe7L2ccMpUbnDzYLH,4.15,121
381,10,spotify.com,1ZwuLFPka2ijOPaBersU6K,4.14,194
382,10,spotify.com,4zjJXRSu4u8rfQxkPMK07o,4.13,116
383,10,spotify.com,0cs7BfenkAuxTVJv96KMme,4.12,123
384,10,spotify.com,7GKz0H7kpekx07I5WCMDGJ,4.11,133
385,10,spotify.com,1ogUJHv5Nu9S6yC2Cv6Pvh,4.10,116
386,10,spotify.com,4zweVv3Wa6XgexhoUOzkYs,4.09,294
387,10,spotify.com,2UZ6MDDg3y5fTAzQU3YYfo,4.08,131
388,10,spotify.com,5a8PsqWOuGh7FR1tC6UKUs,4.07,129
389,10,spotify.com,52TSjnEfXo40EzuylAhf6k,4.06,123
390,10,spotify.com,7IdznjcKCOWhydUH02Istz,4.05,159
391,10,spotify.com,7nnWIPM5hwE3DaUBkvOIpy,4.04,85
392,10,spotify.com,3EPZ5tHpCNueKcXmvXEDxi,4.03,117
393,10,spotify.com,6nCDnzErqalOaIY3EJM8NK,4.02,80
394,10,spotify.com,742elOBEMLPUtaGDumo5Qz,3.99,138
395,10,spotify.com,4IrmWy6NFy5kpZC01rWcRx,3.97,105
396,10,spotify.com,24H5KPBdSvHQMRXTp12K3J,3.96,73
397,10,spotify.com,4VeckXkbyYxp8bvJnocdLw,3.94,66
398,10,spotify.com,6Cv09gbV6mHXshhiHE1JO4,3.93,92
399,10,spotify.com,7eEXXED3AUJErvOSx9quZV,3.92,90
400,10,spotify.com,5vQXxfGn1bjv5WESrYVVpw,3.91,177
401,10,spotify.com,44HBcWA1jp22uKjKbwZd7Z,3.90,121
402,10,spotify.com,7pgvO5U0kbkgMIz9PX62Pm,3.89,44
403,10,spotify.com,7EYR17bHR2ZkJ8o2mKSJDU,3.88,147
404,10,spotify.com,2kbAFQ30mjhn1KulfJB7Vk,3.87,80
405,10,spotify.com,0y44oC5I4MopiCRbOnYGk7,3.86,69
406,10,spotify.com,7dsSXKdehlHtTPwL1KUbvY,3.83,136
407,10,spotify.com,0g1o8gwJKmnIwrqigxjLUd,3.82,79
408,10,spotify.com,10ViidwjGLCfVtGPfdcszR,3.81,172
409,10,spotify.com,0It6VJoMAare1zdV2wxqZq,3.80,88
410,10,spotify.com,7aTt1NuTHTGxgr16CKIH0U,3.77,112
411,10,spotify.com,1NyFRrFiJAJIaR6icj1goI,3.76,110
412,10,spotify.com,4QbpBv2ka7Zpbrrl5QFAgy,3.74,121
413,10,spotify.com,0y2IOSoxpgGJ3KZDrmat9p,3.72,142
414,10,spotify.com,7968fxC9GmlqTiYRXT499O,3.70,137
415,10,spotify.com,1RC7fHf78Ky6MXU9JKQaJG,3.68,59
416,10,spotify.com,0yKnn15144wfd5sCCNFnnE,3.67,50
417,10,spotify.com,15wMCb6SftEF9EomcHff8A,3.66,305
418,10,spotify.com,0pjOjoHMJrerHhiXNRs3GK,3.65,106
419,10,spotify.com,6JM3Xc5AxYojZ4HHpgHN49,3.63,224
420,10,spotify.com,3w2o5tO1ThThRQUlPDgxqd,3.60,98
421,10,spotify.com,7qOPap76B81KypLVabU8cQ,3.59,53
422,10,spotify.com,0qNAiA1JEOPxcWP3KB4nsB,3.58,205
423,10,spotify.com,2HwbtJXoVRn0DziJWKGl1e,3.57,437
424,10,spotify.com,4WEqIwv2qr1UwTW468SRuw,3.56,78
425,10,spotify.com,2p0RE2pkZMajUQmg2M12jY,3.55,72
426,10,spotify.com,51oGCkKff1Qu4WBX8Uuaby,3.54,55
427,10,spotify.com,1qfYG2JrchEyJiqKnkE7YQ,3.53,72
428,10,spotify.com,11RmaYMwhL2noFcwjKvSZd,3.51,64
429,10,spotify.com,1CRDfNPQbtCGcqeAAgBGdW,3.49,95
430,10,spotify.com,0Fghw1Ky3HNSvj04EtPrnf,3.48,64
431,10,spotify.com,4B6BzjDSurNtids9TU4jdE,3.47,55
432,10,spotify.com,5MzjN4pg411OErJ1U2F3bj,3.46,65
433,10,spotify.com,22u5G8OqJ79IDaAJ269hZr,3.42,79
434,10,spotify.com,0gOyllwzM7IvfuYZ903zNv,3.40,75
435,10,spotify.com,5EtCkmRgO2NMfa3BQZMtBp,3.37,47
436,10,spotify.com,1zlXCEdVDBptIuMU8vqRnR,3.36,114
437,10,spotify.com,17xqcnBW4CdV6ARXLrKHWy,3.34,152
438,10,spotify.com,3hZtCzZtVULcdJkln9pm3l,3.33,63
439,10,spotify.com,2THkQauDWMvJgXFGPY4iKB,3.31,43
440,10,spotify.com,7DX8J4uAEKKi4kkix2dQud,3.30,53
441,10,spotify.com,2TxSRQiP7xz4vKxabdlpx1,3.29,43
442,10,spotify.com,5AYXWbqQQsWr5c9ueY7ZAY,3.28,58
443,10,spotify.com,1Bq69dKQp8Kf3sMizZidaM,3.27,55
444,10,spotify.com,5wBB0bSW7UOPUqma2gi9TZ,3.26,103
445,10,spotify.com,6HQZvxFGBVyjfCxTOAT3iB,3.23,44
446,10,spotify.com,3lMaGMqCEIJmoQP7UxPCeE,3.22,27
447,10,spotify.com,6MI9unN5nm2KlfS0QUjOoe,3.21,128
448,10,spotify.com,2LhW0bvxghtcFSbNuTSJOY,3.20,18
449,10,spotify.com,1gS9gftIanh1oMvqwX2YKy,3.19,42
450,10,spotify.com,0ki5EwphQNTH3Tw02VtCRC,3.16,31
451,10,spotify.com,78DAnFAmuBbekO4LeuhRkR,3.14,56
452,10,spotify.com,17rf2oZYDVymJeYI9ftDXc,3.11,63
453,10,spotify.com,2J1IxkhqZ2FnydAsvZjuhZ,3.10,60
454,10,spotify.com,3ZBSXNYdTZVaBUQI3E2rF6,3.06,35
455,10,spotify.com,5yROQPPwCufE2zjsv4FAmv,3.05,48
456,10,spotify.com,4VsfBEm21b3HQXd0wkfLTQ,3.04,27
457,10,spotify.com,2BOeCUehEgKBNBDW2wo6pd,3.03,52
458,10,spotify.com,2BsP6RElvU2o7Ly2FpA35q,3.02,10
459,10,spotify.com,5xt3OoGk8PdLImcxbQjiqD,3.01,5
460,4,spotify.com,2cSEVjG12sTBjXVJK0SF7Z,5.00,216
461,4,spotify.com,5vQXxfGn1bjv5WESrYVVpw,4.99,255
462,4,spotify.com,2LTl1pU074hnzAdy0SpHAb,4.98,344
463,4,spotify.com,7GKz0H7kpekx07I5WCMDGJ,4.97,157
464,4,spotify.com,2tAIjFvRlHjP64J0DKWPJW,4.96,224
465,4,spotify.com,0KgciKBUO7Wl18eX4Ldhq7,4.95,143
466,4,spotify.com,2TYC9SaRhYypUQzB1ZVTG2,4.94,380
467,4,spotify.com,7IRtnqwBAUDuOsIlUSlQ7h,4.93,224
468,4,spotify.com,3kVRKixPYEjrerKc0MZPdK,4.92,249
469,4,spotify.com,3jqFydCMZUOO1evtCsoKJH,4.91,224
470,4,spotify.com,44HBcWA1jp22uKjKbwZd7Z,4.90,141
471,4,spotify.com,4fqej7naoDXIuulGZtjl1h,4.89,254
472,4,spotify.com,39sUeHQoIGY6BEIcgTMRXW,4.88,145
473,4,spotify.com,1ZwuLFPka2ijOPaBersU6K,4.87,260
474,4,spotify.com,14UFeUG8RCx1XwSuGF9Tcs,4.86,235
475,4,spotify.com,0zVcgA0ug30pW6hBXtXKUL,4.85,247
476,4,spotify.com,6orRbaAgk8QyiXthlxsMnh,4.84,235
477,4,spotify.com,2UZ6MDDg3y5fTAzQU3YYfo,4.83,160
478,4,spotify.com,7EYR17bHR2ZkJ8o2mKSJDU,4.81,139
479,4,spotify.com,7aTt1NuTHTGxgr16CKIH0U,4.79,127
480,4,spotify.com,3e0wYnFxkqinmtXebYPMSt,4.78,293
481,4,spotify.com,4VqPOruhp5EdPBeR92t6lQ,4.77,222
482,4,spotify.com,4I2GqMe7L2ccMpUbnDzYLH,4.76,186
483,4,spotify.com,5q2hniehVCcIbVL4efDCMY,4.75,315
484,4,spotify.com,2ffmPvnKZQqAOAEUo5Klpu,4.74,280
485,4,spotify.com,6zc7xLlx5rrEUgIuGa7DoR,4.73,180
486,4,spotify.com,4yAVpNElPk8ml1zGwxtwxv,4.72,151
487,4,spotify.com,52TSjnEfXo40EzuylAhf6k,4.71,160
488,4,spotify.com,4LPUilkROHl6rI9uTytN9h,4.70,198
489,4,spotify.com,31Q9ZTF9x81BDonlObCbvP,4.69,138
490,4,spotify.com,7FG74DheH8HaSXOS4OeQWj,4.68,141
491,4,spotify.com,6UxEOR3EzHo5YXzE1f12v9,4.67,225
492,4,spotify.com,1r1eut6GuXFFDbX0vd9NPv,4.66,255
493,4,spotify.com,2Ygs64z9ywJGakuKU8tr6o,4.65,335
494,4,spotify.com,6MrkFuXDTqWdrRJi3MyrE0,4.63,128
495,4,spotify.com,7IdznjcKCOWhydUH02Istz,4.62,168
496,4,spotify.com,7qdtmrXxaK0XR8AEeG1d0F,4.61,214
497,4,spotify.com,0DCdMiGUOlZM8YRRF2kzR7,4.60,187
498,4,spotify.com,2dgyv3NrDuKx0pc1E79Icb,4.59,149
499,4,spotify.com,0cs7BfenkAuxTVJv96KMme,4.58,198
500,4,spotify.com,2lwwrWVKdf3LR9lbbhnr6R,4.57,267
501,4,spotify.com,1vcxF91pWs9uNwDROuiCPB,4.56,183
502,4,spotify.com,742elOBEMLPUtaGDumo5Qz,4.55,173
503,4,spotify.com,0y2IOSoxpgGJ3KZDrmat9p,4.54,192
504,4,spotify.com,7lJcj7F7GuDye26vYSk1bM,4.53,171
505,4,spotify.com,5a8PsqWOuGh7FR1tC6UKUs,4.52,148
506,4,spotify.com,576hBTV6sFsLOpoEaqW1Jv,4.51,220
507,4,spotify.com,2gIVqrC5BG8BMeO9r1qtCr,4.49,100
508,4,spotify.com,2POxgf3UEPcTDAzlR0Ob7X,4.47,98
509,4,spotify.com,6jLGsYXIhfmWkqf0N3cxOF,4.45,222
510,4,spotify.com,5ah63mDLedBAPJrPCxhtt5,4.44,292
511,4,spotify.com,7pkTED5YsYwolFOZoAPiT8,4.42,108
512,4,spotify.com,5GFnWMlpGcjhYi7jWOy7Tw,4.41,96
513,4,spotify.com,7dsSXKdehlHtTPwL1KUbvY,4.40,211
514,4,spotify.com,1pKYYY0dkg23sQQXi0Q5zN,4.39,107
515,4,spotify.com,13o0DRf89gTEHrxL31Gh09,4.38,183
516,4,spotify.com,4MOHOrZFnYeNcSGSl6UyPn,4.37,129
517,4,spotify.com,3YGg9SjRxud5aWsEjllwXZ,4.36,107
518,4,spotify.com,57bJXivj8NfICIzPgNr08Z,4.35,141
519,4,spotify.com,5iW1BuP8SARrIz6rmSdibY,4.34,98
520,4,spotify.com,1NyFRrFiJAJIaR6icj1goI,4.33,121
521,4,spotify.com,5dKBaysNJtfpyNTRa5lqDb,4.32,132
522,4,spotify.com,1zOaxkbS1kAY1gIi0g8sOm,4.31,106
523,4,spotify.com,6GTmGEAiR9pyWN5f1lgXSt,4.30,197
524,4,spotify.com,0Q5YtY85lz5n7rQkeMNpoe,4.29,169
525,4,spotify.com,3w2o5tO1ThThRQUlPDgxqd,4.28,147
526,4,spotify.com,2PcMytOXfhvDm5XaXn8SPQ,4.27,196
527,4,spotify.com,4zjJXRSu4u8rfQxkPMK07o,4.26,152
528,4,spotify.com,2M9ULmQwTaTGmAdXaXpfz5,4.25,235
529,4,spotify.com,6KIb8bMOyN7pFplT0M3ffA,4.24,177
530,4,spotify.com,4ar5OP7pkWN4BYGqW3GzTJ,4.23,137
531,4,spotify.com,2MKqIFvHseB2VZgpdQdKsu,4.22,130
532,4,spotify.com,5wBB0bSW7UOPUqma2gi9TZ,4.21,107
533,4,spotify.com,0InFAWpnO2z5ZcO2zJUtIH,4.20,107
534,4,spotify.com,6JM3Xc5AxYojZ4HHpgHN49,4.19,280
535,4,spotify.com,4ptSL1o2pRgNvrC4wsN1Pl,4.18,104
536,4,spotify.com,1Q7apbyCNuDbZbd618dLtT,4.17,173
537,4,spotify.com,3HOxJ3ZX23eTXXxLjrXNbY,4.16,112
538,4,spotify.com,42hwjij0VmBP3ngqoTrmvl,4.14,182
539,4,spotify.com,3b8HFl9IaZp95TNPmCf0B2,4.13,137
540,4,spotify.com,4zweVv3Wa6XgexhoUOzkYs,4.12,397
541,4,spotify.com,0McuGBXkEVz9Yq5gui4A7c,4.10,94
542,4,spotify.com,3EPZ5tHpCNueKcXmvXEDxi,4.09,148
543,4,spotify.com,0VZ9xPNa6ROafP6GYYuv2S,4.08,260
544,4,spotify.com,22sfUgqzYlgZy9ngBn8pnp,4.07,137
545,4,spotify.com,0pjOjoHMJrerHhiXNRs3GK,4.06,136
546,4,spotify.com,5rb9QrpfcKFHM1EUbSIurX,4.05,122
547,4,spotify.com,4xT0Y1EOq5mwTI7Wm3GK6O,4.04,109
548,4,spotify.com,0It6VJoMAare1zdV2wxqZq,4.02,117
549,4,spotify.com,5CAoHSI4vAPh3g7qk5aQuT,4.00,86
550,4,spotify.com,1bq6XxdA59f5qJS5mw67Sc,3.99,125
551,4,spotify.com,10ViidwjGLCfVtGPfdcszR,3.98,230
552,4,spotify.com,7D0RhFcb3CrfPuTJ0obrod,3.97,66
553,4,spotify.com,5kD9T7GForh8LnRz5ClbL8,3.96,165
554,4,spotify.com,5CGRCPBsqQWs6y5gYVKufI,3.94,145
555,4,spotify.com,3e5rEt48191MwuHWBDwOcZ,3.93,140
556,4,spotify.com,4QbpBv2ka7Zpbrrl5QFAgy,3.92,156
557,4,spotify.com,6oD0TvHIYmObKNl5Mz05ri,3.91,96
558,4,spotify.com,1ExW9geJzAZZH0xzsWvCcw,3.90,133
559,4,spotify.com,4IrmWy6NFy5kpZC01rWcRx,3.89,151
560,4,spotify.com,4xp6O8cMjMZiIn0TrNC3ji,3.88,114
561,4,spotify.com,4vTcPHQlE3zTULythSilu0,3.87,143
562,4,spotify.com,2mxd6wnlVwLyfm03OurmED,3.86,105
563,4,spotify.com,44oWUoJ61CgiH948b3pF6J,3.85,107
564,4,spotify.com,2kbAFQ30mjhn1KulfJB7Vk,3.82,123
565,4,spotify.com,7eEXXED3AUJErvOSx9quZV,3.81,83
566,4,spotify.com,0qNAiA1JEOPxcWP3KB4nsB,3.80,262
567,4,spotify.com,48Gp6fl66YhMrA1lmMWiVb,3.79,86
568,4,spotify.com,4VsfBEm21b3HQXd0wkfLTQ,3.78,39
569,4,spotify.com,4WEqIwv2qr1UwTW468SRuw,3.77,84
570,4,spotify.com,0ZEhlT9v8CdOKu55zhYGv9,3.74,100
571,4,spotify.com,4iZqNWf2ztEYvw41wnF4Df,3.73,85
572,4,spotify.com,1qfYG2JrchEyJiqKnkE7YQ,3.72,84
573,4,spotify.com,24H5KPBdSvHQMRXTp12K3J,3.71,84
574,4,spotify.com,4ARhdB2FzpXcko8T03YVen,3.68,50
575,4,spotify.com,1zlXCEdVDBptIuMU8vqRnR,3.65,138
576,4,spotify.com,4lowO1mREnjCG1rUMQAuuG,3.64,60
577,4,spotify.com,51oGCkKff1Qu4WBX8Uuaby,3.63,60
578,4,spotify.com,00QWKBxVaKanCHV9Oag6f1,3.62,58
579,4,spotify.com,1CRDfNPQbtCGcqeAAgBGdW,3.60,95
580,4,spotify.com,5MzjN4pg411OErJ1U2F3bj,3.59,83
581,4,spotify.com,1ogUJHv5Nu9S6yC2Cv6Pvh,3.58,137
582,4,spotify.com,10hUxEClCG8xsSMyp8aL8R,3.55,38
583,4,spotify.com,5yROQPPwCufE2zjsv4FAmv,3.54,57
584,4,spotify.com,11RmaYMwhL2noFcwjKvSZd,3.52,109
585,4,spotify.com,7968fxC9GmlqTiYRXT499O,3.51,135
586,4,spotify.com,1edBcTyZqUmrQ7SriwJzof,3.50,104
587,4,spotify.com,1RsHl6tAFFMOw96MMStYfT,3.49,92
588,4,spotify.com,2J1IxkhqZ2FnydAsvZjuhZ,3.48,88
589,4,spotify.com,15wMCb6SftEF9EomcHff8A,3.46,389
590,4,spotify.com,2HwbtJXoVRn0DziJWKGl1e,3.44,526
591,4,spotify.com,69ciJGpXr2UZy3yEnUurbr,3.43,57
592,4,spotify.com,4RQ8ddDCvLEAniw6Eq6TTo,3.42,52
593,4,spotify.com,17xqcnBW4CdV6ARXLrKHWy,3.39,151
594,4,spotify.com,5lytr54fOSmSkhAcvFpdGH,3.38,45
595,4,spotify.com,17rf2oZYDVymJeYI9ftDXc,3.37,83
596,4,spotify.com,5fQQDsc1SxPYADUTD2EV2N,3.35,69
597,4,spotify.com,7qOPap76B81KypLVabU8cQ,3.33,82
598,4,spotify.com,2oe4EJqgddv1sqgz1iXIGj,3.32,55
599,4,spotify.com,6MI9unN5nm2KlfS0QUjOoe,3.30,165
600,4,spotify.com,2p0RE2pkZMajUQmg2M12jY,3.29,87
601,4,spotify.com,22rkCRquWCsGYoFyQV6Uuu,3.28,62
602,4,spotify.com,0C2eEsMBj78CLkHNJPjohc,3.26,77
603,4,spotify.com,71nmGy6RHJ8n0LfKzIV1EG,3.22,34
604,4,spotify.com,3hZtCzZtVULcdJkln9pm3l,3.21,85
605,4,spotify.com,70HxZbVnoyrfQ4dIWgcYMm,3.18,54
606,4,spotify.com,0Fghw1Ky3HNSvj04EtPrnf,3.17,68
607,4,spotify.com,5ByldMbp566mwY5P3M6LXH,3.15,26
608,4,spotify.com,2BOeCUehEgKBNBDW2wo6pd,3.13,71
609,4,spotify.com,4MrW9WyF2gWPSvPt4nYYV4,3.12,5
610,4,spotify.com,5AiKsq5yODZxY12eykbDGV,3.10,43
611,4,spotify.com,4XzxcPPwxCSEVn8qneqL3s,3.09,41
612,4,spotify.com,68COpnQSeIidPHLooRJrKi,3.07,13
613,4,spotify.com,7x4YXV9vpfqq8OuPNcn3cu,3.06,12
614,4,spotify.com,1gS9gftIanh1oMvqwX2YKy,3.05,50
615,4,spotify.com,1NgvlkVfh6qgAeUbHstIAV,3.04,44
616,4,spotify.com,6HQZvxFGBVyjfCxTOAT3iB,3.02,35
617,5,spotify.com,4VsfBEm21b3HQXd0wkfLTQ,5.00,5
618,5,spotify.com,5CGRCPBsqQWs6y5gYVKufI,4.98,17
619,5,spotify.com,17rf2oZYDVymJeYI9ftDXc,4.97,9
620,5,spotify.com,10ViidwjGLCfVtGPfdcszR,4.96,27
621,5,spotify.com,5ah63mDLedBAPJrPCxhtt5,4.94,24
622,5,spotify.com,1ZwuLFPka2ijOPaBersU6K,4.92,16
623,5,spotify.com,0KgciKBUO7Wl18eX4Ldhq7,4.91,11
624,5,spotify.com,2TYC9SaRhYypUQzB1ZVTG2,4.90,37
625,5,spotify.com,2UZ6MDDg3y5fTAzQU3YYfo,4.89,17
626,5,spotify.com,2tAIjFvRlHjP64J0DKWPJW,4.87,20
627,5,spotify.com,1vcxF91pWs9uNwDROuiCPB,4.86,20
628,5,spotify.com,576hBTV6sFsLOpoEaqW1Jv,4.85,29
629,5,spotify.com,7IRtnqwBAUDuOsIlUSlQ7h,4.84,27
630,5,spotify.com,2lwwrWVKdf3LR9lbbhnr6R,4.82,22
631,5,spotify.com,39sUeHQoIGY6BEIcgTMRXW,4.81,16
632,5,spotify.com,5vQXxfGn1bjv5WESrYVVpw,4.80,29
633,5,spotify.com,0Q5YtY85lz5n7rQkeMNpoe,4.79,19
634,5,spotify.com,3jqFydCMZUOO1evtCsoKJH,4.78,29
635,5,spotify.com,6HNruFQlzQx4ulL4ppRLYI,4.77,18
636,5,spotify.com,3HOxJ3ZX23eTXXxLjrXNbY,4.76,20
637,5,spotify.com,2ffmPvnKZQqAOAEUo5Klpu,4.75,27
638,5,spotify.com,31Q9ZTF9x81BDonlObCbvP,4.74,18
639,5,spotify.com,6nCDnzErqalOaIY3EJM8NK,4.73,16
640,5,spotify.com,4ar5OP7pkWN4BYGqW3GzTJ,4.72,19
641,5,spotify.com,3e5rEt48191MwuHWBDwOcZ,4.71,20
642,5,spotify.com,1Q7apbyCNuDbZbd618dLtT,4.70,14
643,5,spotify.com,5kD9T7GForh8LnRz5ClbL8,4.69,14
644,5,spotify.com,28wGO0jnzjRtVP3jd5nKBP,4.68,7
645,5,spotify.com,0y2IOSoxpgGJ3KZDrmat9p,4.66,15
646,5,spotify.com,3e0wYnFxkqinmtXebYPMSt,4.65,30
647,5,spotify.com,2Ygs64z9ywJGakuKU8tr6o,4.64,27
648,5,spotify.com,6jLGsYXIhfmWkqf0N3cxOF,4.62,23
649,5,spotify.com,1ExW9geJzAZZH0xzsWvCcw,4.61,9
650,5,spotify.com,0PMgaQFz7F8gvbLJheLXPj,4.60,13
651,5,spotify.com,2MKqIFvHseB2VZgpdQdKsu,4.59,11
652,5,spotify.com,2kbAFQ30mjhn1KulfJB7Vk,4.58,17
653,5,spotify.com,4I2GqMe7L2ccMpUbnDzYLH,4.57,22
654,5,spotify.com,2PcMytOXfhvDm5XaXn8SPQ,4.56,20
655,5,spotify.com,7IdznjcKCOWhydUH02Istz,4.54,19
656,5,spotify.com,4iZqNWf2ztEYvw41wnF4Df,4.53,7
657,5,spotify.com,4VqPOruhp5EdPBeR92t6lQ,4.51,19
658,5,spotify.com,6zc7xLlx5rrEUgIuGa7DoR,4.50,15
659,5,spotify.com,1mBmd558ZnPKZx7Xk51oEa,4.49,8
660,5,spotify.com,4zweVv3Wa6XgexhoUOzkYs,4.48,42
661,5,spotify.com,5AiKsq5yODZxY12eykbDGV,4.47,9
662,5,spotify.com,2vygASGhn68mkn8iE3cQwr,4.46,9
663,5,spotify.com,3w2o5tO1ThThRQUlPDgxqd,4.45,8
664,5,spotify.com,7dsSXKdehlHtTPwL1KUbvY,4.43,16
665,5,spotify.com,1NyFRrFiJAJIaR6icj1goI,4.42,16
666,5,spotify.com,7DX8J4uAEKKi4kkix2dQud,4.41,6
667,5,spotify.com,3kVRKixPYEjrerKc0MZPdK,4.40,20
668,5,spotify.com,5wBB0bSW7UOPUqma2gi9TZ,4.39,13
669,5,spotify.com,7EYR17bHR2ZkJ8o2mKSJDU,4.38,17
670,5,spotify.com,1edBcTyZqUmrQ7SriwJzof,4.37,11
671,5,spotify.com,52TSjnEfXo40EzuylAhf6k,4.36,17
672,5,spotify.com,4GAI8BxeMgrvhZNEU59UfR,4.35,5
673,5,spotify.com,1iK2QceoEmhjjYDOxOb8vt,4.34,5
674,5,spotify.com,3EPZ5tHpCNueKcXmvXEDxi,4.31,19
675,5,spotify.com,6orRbaAgk8QyiXthlxsMnh,4.30,28
676,5,spotify.com,0ADZ5dmXhlfzjMw6lefoPl,4.28,10
677,5,spotify.com,0C2eEsMBj78CLkHNJPjohc,4.27,8
678,5,spotify.com,0rTZNOc6MUHU68agVQ672b,4.26,8
679,5,spotify.com,0zVcgA0ug30pW6hBXtXKUL,4.24,21
680,5,spotify.com,0DCdMiGUOlZM8YRRF2kzR7,4.23,21
681,5,spotify.com,1RsHl6tAFFMOw96MMStYfT,4.22,12
682,5,spotify.com,7GKz0H7kpekx07I5WCMDGJ,4.21,14
683,5,spotify.com,0qNAiA1JEOPxcWP3KB4nsB,4.19,24
684,5,spotify.com,7itkDorwUcVBt8n8aQfpFH,4.18,5
685,5,spotify.com,6HQZvxFGBVyjfCxTOAT3iB,4.17,5
686,5,spotify.com,6MIDQPurdLJgq5Tg6wM6xy,4.16,5
687,5,spotify.com,5q2hniehVCcIbVL4efDCMY,4.13,31
688,5,spotify.com,15wMCb6SftEF9EomcHff8A,4.10,34
689,5,spotify.com,1Dl44SWywsIDdz1GgIp9gG,4.08,10
690,5,spotify.com,6JM3Xc5AxYojZ4HHpgHN49,4.07,27
691,5,spotify.com,0VZ9xPNa6ROafP6GYYuv2S,4.06,23
692,5,spotify.com,42hwjij0VmBP3ngqoTrmvl,4.05,18
693,5,spotify.com,2LTl1pU074hnzAdy0SpHAb,4.04,34
694,5,spotify.com,7lJcj7F7GuDye26vYSk1bM,4.03,16
695,5,spotify.com,6MrkFuXDTqWdrRJi3MyrE0,4.02,14
696,5,spotify.com,2cSEVjG12sTBjXVJK0SF7Z,4.01,20
697,5,spotify.com,1r1eut6GuXFFDbX0vd9NPv,3.99,29
698,5,spotify.com,4fqej7naoDXIuulGZtjl1h,3.97,24
699,5,spotify.com,7qdtmrXxaK0XR8AEeG1d0F,3.96,16
700,5,spotify.com,22sfUgqzYlgZy9ngBn8pnp,3.95,16
701,5,spotify.com,13o0DRf89gTEHrxL31Gh09,3.94,17
702,5,spotify.com,7FG74DheH8HaSXOS4OeQWj,3.93,15
703,5,spotify.com,0Fghw1Ky3HNSvj04EtPrnf,3.92,7
704,5,spotify.com,4QbpBv2ka7Zpbrrl5QFAgy,3.91,13
705,5,spotify.com,14UFeUG8RCx1XwSuGF9Tcs,3.89,30
706,5,spotify.com,2HwbtJXoVRn0DziJWKGl1e,3.86,53
707,5,spotify.com,7aTt1NuTHTGxgr16CKIH0U,3.85,19
708,5,spotify.com,3b8HFl9IaZp95TNPmCf0B2,3.84,14
709,5,spotify.com,4LPUilkROHl6rI9uTytN9h,3.83,16
710,5,spotify.com,44oWUoJ61CgiH948b3pF6J,3.82,10
711,5,spotify.com,2LlQb7Uoj1kKyGhlkBf9aC,3.81,8
712,5,spotify.com,4IrmWy6NFy5kpZC01rWcRx,3.79,17
713,5,spotify.com,0mjfUtv8J0qmesRERYBivH,3.78,5
714,5,spotify.com,22V6N2zEkuIFBjKxHYjUos,3.77,5
715,5,spotify.com,17xqcnBW4CdV6ARXLrKHWy,3.76,14
716,5,spotify.com,2M9ULmQwTaTGmAdXaXpfz5,3.75,21
717,5,spotify.com,35gC6jVY60904yfaJXpiYv,3.74,11
718,5,spotify.com,3hZtCzZtVULcdJkln9pm3l,3.72,10
719,5,spotify.com,4B6BzjDSurNtids9TU4jdE,3.70,9
720,5,spotify.com,6vGJoO0FwVEB98ekNIqYw3,3.69,6
721,5,spotify.com,2U0nJXcSulAYNoPA6fTIfZ,3.67,6
722,5,spotify.com,1RC7fHf78Ky6MXU9JKQaJG,3.66,5
723,5,spotify.com,72aCha2Meq7txnk451hz7k,3.65,5
724,5,spotify.com,7eEXXED3AUJErvOSx9quZV,3.64,13
725,5,spotify.com,10hUxEClCG8xsSMyp8aL8R,3.63,5
726,5,spotify.com,4VeckXkbyYxp8bvJnocdLw,3.60,10
727,5,spotify.com,1CRDfNPQbtCGcqeAAgBGdW,3.59,7
728,5,spotify.com,4vayH6VTzFiV8aMY5xEDIV,3.58,8
729,5,spotify.com,7968fxC9GmlqTiYRXT499O,3.56,15
730,5,spotify.com,0yKnn15144wfd5sCCNFnnE,3.54,8
731,5,spotify.com,5yROQPPwCufE2zjsv4FAmv,3.52,6
732,5,spotify.com,1879aiUSpb1qNoiwtQA2XH,3.51,6
733,5,spotify.com,6MI9unN5nm2KlfS0QUjOoe,3.50,15
734,5,spotify.com,6IUiqtI8tE49sqGbmtrNd8,3.49,9
735,5,spotify.com,2dgyv3NrDuKx0pc1E79Icb,3.48,15
736,5,spotify.com,51oGCkKff1Qu4WBX8Uuaby,3.47,7
737,5,spotify.com,2p0RE2pkZMajUQmg2M12jY,3.46,12
738,5,spotify.com,5fQQDsc1SxPYADUTD2EV2N,3.44,7
739,5,spotify.com,1qfYG2JrchEyJiqKnkE7YQ,3.43,8
740,6,spotify.com,5q2hniehVCcIbVL4efDCMY,5.00,204
741,6,spotify.com,6UxEOR3EzHo5YXzE1f12v9,4.98,118
742,6,spotify.com,1vcxF91pWs9uNwDROuiCPB,4.97,100
743,6,spotify.com,2Ygs64z9ywJGakuKU8tr6o,4.96,192
744,6,spotify.com,3kVRKixPYEjrerKc0MZPdK,4.95,130
745,6,spotify.com,2tAIjFvRlHjP64J0DKWPJW,4.94,133
746,6,spotify.com,1ExW9geJzAZZH0xzsWvCcw,4.93,86
747,6,spotify.com,42hwjij0VmBP3ngqoTrmvl,4.91,93
748,6,spotify.com,0zVcgA0ug30pW6hBXtXKUL,4.89,138
749,6,spotify.com,0DCdMiGUOlZM8YRRF2kzR7,4.88,107
750,6,spotify.com,4zjJXRSu4u8rfQxkPMK07o,4.87,100
751,6,spotify.com,26nr9XnFCYWxBTIP7HyWXg,4.86,73
752,6,spotify.com,4IrmWy6NFy5kpZC01rWcRx,4.85,98
753,6,spotify.com,52TSjnEfXo40EzuylAhf6k,4.84,76
754,6,spotify.com,5rb9QrpfcKFHM1EUbSIurX,4.83,77
755,6,spotify.com,1ZwuLFPka2ijOPaBersU6K,4.82,129
756,6,spotify.com,6SkxGjgzMbD4cBtRpF6AAm,4.81,58
757,6,spotify.com,2POxgf3UEPcTDAzlR0Ob7X,4.79,60
758,6,spotify.com,5dKBaysNJtfpyNTRa5lqDb,4.78,105
759,6,spotify.com,7lJcj7F7GuDye26vYSk1bM,4.77,93
760,6,spotify.com,3e0wYnFxkqinmtXebYPMSt,4.75,200
761,6,spotify.com,3EPZ5tHpCNueKcXmvXEDxi,4.74,95
762,6,spotify.com,4LPUilkROHl6rI9uTytN9h,4.73,116
763,6,spotify.com,2LTl1pU074hnzAdy0SpHAb,4.72,194
764,6,spotify.com,6orRbaAgk8QyiXthlxsMnh,4.71,140
765,6,spotify.com,7qdtmrXxaK0XR8AEeG1d0F,4.70,116
766,6,spotify.com,7nnWIPM5hwE3DaUBkvOIpy,4.69,78
767,6,spotify.com,4MOHOrZFnYeNcSGSl6UyPn,4.68,97
768,6,spotify.com,39sUeHQoIGY6BEIcgTMRXW,4.67,106
769,6,spotify.com,2M9ULmQwTaTGmAdXaXpfz5,4.66,143
770,6,spotify.com,5nHRIKsXDwUpse9gzrAxLR,4.65,74
771,6,spotify.com,4ptSL1o2pRgNvrC4wsN1Pl,4.64,74
772,6,spotify.com,0mWiuXuLAJ3Brin3Or2x6v,4.63,77
773,6,spotify.com,0Q5YtY85lz5n7rQkeMNpoe,4.62,97
774,6,spotify.com,6zc7xLlx5rrEUgIuGa7DoR,4.61,130
775,6,spotify.com,2gIVqrC5BG8BMeO9r1qtCr,4.60,66
776,6,spotify.com,2dgyv3NrDuKx0pc1E79Icb,4.57,87
777,6,spotify.com,5vQXxfGn1bjv5WESrYVVpw,4.56,162
778,6,spotify.com,2MKqIFvHseB2VZgpdQdKsu,4.55,92
779,6,spotify.com,2cSEVjG12sTBjXVJK0SF7Z,4.54,121
780,6,spotify.com,1r1eut6GuXFFDbX0vd9NPv,4.53,185
781,6,spotify.com,0y2IOSoxpgGJ3KZDrmat9p,4.52,94
782,6,spotify.com,1umy8LK9rPrGCQTtPLYE3t,4.51,79
783,6,spotify.com,2TYC9SaRhYypUQzB1ZVTG2,4.50,202
784,6,spotify.com,3e5rEt48191MwuHWBDwOcZ,4.49,96
785,6,spotify.com,7FG74DheH8HaSXOS4OeQWj,4.48,78
786,6,spotify.com,44HBcWA1jp22uKjKbwZd7Z,4.46,88
787,6,spotify.com,1Q7apbyCNuDbZbd618dLtT,4.45,113
788,6,spotify.com,5a8PsqWOuGh7FR1tC6UKUs,4.44,100
789,6,spotify.com,13o0DRf89gTEHrxL31Gh09,4.43,105
790,6,spotify.com,0VZ9xPNa6ROafP6GYYuv2S,4.42,133
791,6,spotify.com,4QbpBv2ka7Zpbrrl5QFAgy,4.41,96
792,6,spotify.com,5ah63mDLedBAPJrPCxhtt5,4.39,165
793,6,spotify.com,5kD9T7GForh8LnRz5ClbL8,4.38,99
794,6,spotify.com,57bJXivj8NfICIzPgNr08Z,4.36,79
795,6,spotify.com,5CGRCPBsqQWs6y5gYVKufI,4.35,84
796,6,spotify.com,4VqPOruhp5EdPBeR92t6lQ,4.34,117
797,6,spotify.com,7IRtnqwBAUDuOsIlUSlQ7h,4.33,151
798,6,spotify.com,31Q9ZTF9x81BDonlObCbvP,4.32,81
799,6,spotify.com,6HNruFQlzQx4ulL4ppRLYI,4.31,82
800,6,spotify.com,4N5FWMoa2VWSr0vWcPlZPG,4.30,60
801,6,spotify.com,4VQu1ooCteGDynSZYUgvT4,4.29,75
802,6,spotify.com,4vTcPHQlE3zTULythSilu0,4.28,102
803,6,spotify.com,0BzYCJdtP00Xk8btIrAonU,4.27,52
804,6,spotify.com,1bq6XxdA59f5qJS5mw67Sc,4.26,68
805,6,spotify.com,0y44oC5I4MopiCRbOnYGk7,4.25,51
806,6,spotify.com,1edBcTyZqUmrQ7SriwJzof,4.24,48
807,6,spotify.com,2ffmPvnKZQqAOAEUo5Klpu,4.23,150
808,6,spotify.com,3jqFydCMZUOO1evtCsoKJH,4.22,146
809,6,spotify.com,4zweVv3Wa6XgexhoUOzkYs,4.21,259
810,6,spotify.com,4nAsykHmK2N7clWhaxNKlg,4.20,47
811,6,spotify.com,6GTmGEAiR9pyWN5f1lgXSt,4.19,105
812,6,spotify.com,7GKz0H7kpekx07I5WCMDGJ,4.17,96
813,6,spotify.com,5iW1BuP8SARrIz6rmSdibY,4.16,65
814,6,spotify.com,4xp6O8cMjMZiIn0TrNC3ji,4.15,80
815,6,spotify.com,6JM3Xc5AxYojZ4HHpgHN49,4.14,172
816,6,spotify.com,4yAVpNElPk8ml1zGwxtwxv,4.13,100
817,6,spotify.com,1qfYG2JrchEyJiqKnkE7YQ,4.12,56
818,6,spotify.com,3HOxJ3ZX23eTXXxLjrXNbY,4.10,80
819,6,spotify.com,7dsSXKdehlHtTPwL1KUbvY,4.09,118
820,6,spotify.com,3b8HFl9IaZp95TNPmCf0B2,4.07,79
821,6,spotify.com,0InFAWpnO2z5ZcO2zJUtIH,4.06,81
822,6,spotify.com,7EYR17bHR2ZkJ8o2mKSJDU,4.05,110
823,6,spotify.com,14UFeUG8RCx1XwSuGF9Tcs,4.03,128
824,6,spotify.com,6jLGsYXIhfmWkqf0N3cxOF,4.02,129
825,6,spotify.com,4B6BzjDSurNtids9TU4jdE,4.01,47
826,6,spotify.com,2lwwrWVKdf3LR9lbbhnr6R,4.00,144
827,6,spotify.com,4xT0Y1EOq5mwTI7Wm3GK6O,3.99,61
828,6,spotify.com,4ar5OP7pkWN4BYGqW3GzTJ,3.98,75
829,6,spotify.com,4I2GqMe7L2ccMpUbnDzYLH,3.97,101
830,6,spotify.com,10ViidwjGLCfVtGPfdcszR,3.95,138
831,6,spotify.com,2mxd6wnlVwLyfm03OurmED,3.94,63
832,6,spotify.com,4fqej7naoDXIuulGZtjl1h,3.93,134
833,6,spotify.com,1zOaxkbS1kAY1gIi0g8sOm,3.92,81
834,6,spotify.com,0KgciKBUO7Wl18eX4Ldhq7,3.91,85
835,6,spotify.com,1NyFRrFiJAJIaR6icj1goI,3.90,89
836,6,spotify.com,1zlXCEdVDBptIuMU8vqRnR,3.89,74
837,6,spotify.com,6MrkFuXDTqWdrRJi3MyrE0,3.88,87
838,6,spotify.com,2p0RE2pkZMajUQmg2M12jY,3.86,59
839,6,spotify.com,5MxNLUsfh7uzROypsoO5qe,3.85,71
840,6,spotify.com,6pB1MSK6zXn2Hi3P2lRjgP,3.83,33
841,6,spotify.com,0cs7BfenkAuxTVJv96KMme,3.82,96
842,6,spotify.com,22sfUgqzYlgZy9ngBn8pnp,3.81,79
843,6,spotify.com,1RC7fHf78Ky6MXU9JKQaJG,3.77,40
844,6,spotify.com,6KIb8bMOyN7pFplT0M3ffA,3.76,90
845,6,spotify.com,5MzjN4pg411OErJ1U2F3bj,3.75,57
846,6,spotify.com,576hBTV6sFsLOpoEaqW1Jv,3.74,136
847,6,spotify.com,742elOBEMLPUtaGDumo5Qz,3.72,85
848,6,spotify.com,7IdznjcKCOWhydUH02Istz,3.71,116
849,6,spotify.com,0PMgaQFz7F8gvbLJheLXPj,3.69,52
850,6,spotify.com,5AYXWbqQQsWr5c9ueY7ZAY,3.67,51
851,6,spotify.com,76WRHOINx2bIcOgnwBKydI,3.66,56
852,6,spotify.com,0pjOjoHMJrerHhiXNRs3GK,3.65,83
853,6,spotify.com,2UZ6MDDg3y5fTAzQU3YYfo,3.64,91
854,6,spotify.com,1Bq69dKQp8Kf3sMizZidaM,3.63,59
855,6,spotify.com,0qNAiA1JEOPxcWP3KB4nsB,3.62,161
856,6,spotify.com,6Z40rYoywCzGEQHO6NCFPi,3.60,32
857,6,spotify.com,2J1IxkhqZ2FnydAsvZjuhZ,3.59,50
858,6,spotify.com,1pKYYY0dkg23sQQXi0Q5zN,3.57,69
859,6,spotify.com,11RmaYMwhL2noFcwjKvSZd,3.56,71
860,6,spotify.com,43mshkHAd4Nl8TQ1CBgraX,3.55,34
861,6,spotify.com,70HxZbVnoyrfQ4dIWgcYMm,3.54,37
862,6,spotify.com,5wBB0bSW7UOPUqma2gi9TZ,3.53,68
863,6,spotify.com,24H5KPBdSvHQMRXTp12K3J,3.52,59
864,6,spotify.com,5BP0oaQ1VhuaznT77CBXQp,3.51,56
865,6,spotify.com,2THkQauDWMvJgXFGPY4iKB,3.50,38
866,6,spotify.com,6MI9unN5nm2KlfS0QUjOoe,3.49,96
867,6,spotify.com,1yjFanv1lKhZeh6XiGHx3e,3.48,70
868,6,spotify.com,2PcMytOXfhvDm5XaXn8SPQ,3.46,113
869,6,spotify.com,0ZEhlT9v8CdOKu55zhYGv9,3.44,61
870,6,spotify.com,3zBBgJOyATAudTntFaP8sZ,3.41,56
871,6,spotify.com,7qOPap76B81KypLVabU8cQ,3.40,41
872,6,spotify.com,7eEXXED3AUJErvOSx9quZV,3.39,86
873,6,spotify.com,2kbAFQ30mjhn1KulfJB7Vk,3.33,69
874,6,spotify.com,2HwbtJXoVRn0DziJWKGl1e,3.31,330
875,6,spotify.com,3Ob2G5LEZ7PtsXRPik2nCS,3.30,33
876,6,spotify.com,1CRDfNPQbtCGcqeAAgBGdW,3.28,66
877,6,spotify.com,2LlQb7Uoj1kKyGhlkBf9aC,3.27,38
878,6,spotify.com,15wMCb6SftEF9EomcHff8A,3.26,259
879,6,spotify.com,3L6lk7MH6V8h0npuiD0qIt,3.25,13
880,6,spotify.com,7968fxC9GmlqTiYRXT499O,3.24,96
881,6,spotify.com,1ogUJHv5Nu9S6yC2Cv6Pvh,3.20,102
882,6,spotify.com,17xqcnBW4CdV6ARXLrKHWy,3.19,110
883,6,spotify.com,59WVntWmghQXfST8TZRUW9,3.18,31
884,6,spotify.com,5AiKsq5yODZxY12eykbDGV,3.17,34
885,6,spotify.com,2hOVupduxeQ6DqNTZ66Wmh,3.16,31
886,6,spotify.com,3ZBSXNYdTZVaBUQI3E2rF6,3.14,23
887,6,spotify.com,1gS9gftIanh1oMvqwX2YKy,3.13,34
888,6,spotify.com,51oGCkKff1Qu4WBX8Uuaby,3.11,34
889,6,spotify.com,22rkCRquWCsGYoFyQV6Uuu,3.09,39
890,6,spotify.com,2KjpWqvSKoQh0XIAywplWn,3.07,25
891,6,spotify.com,69ciJGpXr2UZy3yEnUurbr,3.06,39
892,6,spotify.com,0VQjOEK6eD6iH2BHuiHy4u,3.05,11
893,6,spotify.com,3hZtCzZtVULcdJkln9pm3l,3.04,61
894,6,spotify.com,5PA8Hmk8Iah53tMzxxrznn,3.02,11
895,6,spotify.com,2vvuFgKz1DVcMDymMI3eBH,3.01,11
896,0,spotify.com,2TYC9SaRhYypUQzB1ZVTG2,5.00,1143
897,0,spotify.com,2LTl1pU074hnzAdy0SpHAb,4.98,997
898,0,spotify.com,5q2hniehVCcIbVL4efDCMY,4.97,995
899,0,spotify.com,2Ygs64z9ywJGakuKU8tr6o,4.96,985
900,0,spotify.com,3e0wYnFxkqinmtXebYPMSt,4.95,944
901,0,spotify.com,1bq6XxdA59f5qJS5mw67Sc,4.94,365
902,0,spotify.com,0zVcgA0ug30pW6hBXtXKUL,4.93,651
903,0,spotify.com,5ah63mDLedBAPJrPCxhtt5,4.92,867
904,0,spotify.com,6UxEOR3EzHo5YXzE1f12v9,4.91,691
905,0,spotify.com,0Q5YtY85lz5n7rQkeMNpoe,4.90,519
906,0,spotify.com,5kD9T7GForh8LnRz5ClbL8,4.89,515
907,0,spotify.com,0y2IOSoxpgGJ3KZDrmat9p,4.88,579
908,0,spotify.com,3YGg9SjRxud5aWsEjllwXZ,4.87,353
909,0,spotify.com,6zc7xLlx5rrEUgIuGa7DoR,4.86,562
910,0,spotify.com,4fqej7naoDXIuulGZtjl1h,4.85,761
911,0,spotify.com,14UFeUG8RCx1XwSuGF9Tcs,4.84,695
912,0,spotify.com,6orRbaAgk8QyiXthlxsMnh,4.83,726
913,0,spotify.com,6jLGsYXIhfmWkqf0N3cxOF,4.82,671
914,0,spotify.com,3jqFydCMZUOO1evtCsoKJH,4.81,762
915,0,spotify.com,2gIVqrC5BG8BMeO9r1qtCr,4.79,365
916,0,spotify.com,6KIb8bMOyN7pFplT0M3ffA,4.78,522
917,0,spotify.com,0rTZNOc6MUHU68agVQ672b,4.77,347
918,0,spotify.com,2cSEVjG12sTBjXVJK0SF7Z,4.76,653
919,0,spotify.com,7GKz0H7kpekx07I5WCMDGJ,4.75,477
920,0,spotify.com,6GTmGEAiR9pyWN5f1lgXSt,4.74,591
921,0,spotify.com,4zjJXRSu4u8rfQxkPMK07o,4.73,484
922,0,spotify.com,4I2GqMe7L2ccMpUbnDzYLH,4.72,566
923,0,spotify.com,13o0DRf89gTEHrxL31Gh09,4.71,610
924,0,spotify.com,2tAIjFvRlHjP64J0DKWPJW,4.70,710
925,0,spotify.com,1ZwuLFPka2ijOPaBersU6K,4.68,726
926,0,spotify.com,52TSjnEfXo40EzuylAhf6k,4.66,505
927,0,spotify.com,6MrkFuXDTqWdrRJi3MyrE0,4.63,400
928,0,spotify.com,2MKqIFvHseB2VZgpdQdKsu,4.62,423
929,0,spotify.com,44HBcWA1jp22uKjKbwZd7Z,4.61,416
930,0,spotify.com,4ar5OP7pkWN4BYGqW3GzTJ,4.60,462
931,0,spotify.com,7IRtnqwBAUDuOsIlUSlQ7h,4.59,678
932,0,spotify.com,1r1eut6GuXFFDbX0vd9NPv,4.58,841
933,0,spotify.com,2lwwrWVKdf3LR9lbbhnr6R,4.56,751
934,0,spotify.com,7dsSXKdehlHtTPwL1KUbvY,4.55,590
935,0,spotify.com,3kVRKixPYEjrerKc0MZPdK,4.54,695
936,0,spotify.com,0DCdMiGUOlZM8YRRF2kzR7,4.53,587
937,0,spotify.com,2ffmPvnKZQqAOAEUo5Klpu,4.52,707
938,0,spotify.com,4VqPOruhp5EdPBeR92t6lQ,4.51,664
939,0,spotify.com,2M9ULmQwTaTGmAdXaXpfz5,4.50,727
940,0,spotify.com,3EPZ5tHpCNueKcXmvXEDxi,4.49,448
941,0,spotify.com,2UZ6MDDg3y5fTAzQU3YYfo,4.48,458
942,0,spotify.com,4LPUilkROHl6rI9uTytN9h,4.47,573
943,0,spotify.com,7IdznjcKCOWhydUH02Istz,4.46,582
944,0,spotify.com,7FG74DheH8HaSXOS4OeQWj,4.45,412
945,0,spotify.com,1lKBe4bDNB61QkvZjPBYxJ,4.44,367
946,0,spotify.com,31Q9ZTF9x81BDonlObCbvP,4.43,401
947,0,spotify.com,3e5rEt48191MwuHWBDwOcZ,4.42,439
948,0,spotify.com,6HNruFQlzQx4ulL4ppRLYI,4.41,440
949,0,spotify.com,1umy8LK9rPrGCQTtPLYE3t,4.40,400
950,0,spotify.com,742elOBEMLPUtaGDumo5Qz,4.39,488
951,0,spotify.com,5MxNLUsfh7uzROypsoO5qe,4.38,368
952,0,spotify.com,4IrmWy6NFy5kpZC01rWcRx,4.37,500
953,0,spotify.com,7lJcj7F7GuDye26vYSk1bM,4.36,549
954,0,spotify.com,7qdtmrXxaK0XR8AEeG1d0F,4.35,599
955,0,spotify.com,39sUeHQoIGY6BEIcgTMRXW,4.34,475
956,0,spotify.com,5rb9QrpfcKFHM1EUbSIurX,4.33,375
957,0,spotify.com,576hBTV6sFsLOpoEaqW1Jv,4.32,697
958,0,spotify.com,1ExW9geJzAZZH0xzsWvCcw,4.31,385
959,0,spotify.com,1pKYYY0dkg23sQQXi0Q5zN,4.30,316
960,0,spotify.com,5vQXxfGn1bjv5WESrYVVpw,4.29,789
961,0,spotify.com,0KgciKBUO7Wl18eX4Ldhq7,4.28,424
962,0,spotify.com,4MOHOrZFnYeNcSGSl6UyPn,4.27,434
963,0,spotify.com,2R7f66MfBXjr5DfL0g3u6J,4.26,345
964,0,spotify.com,57bJXivj8NfICIzPgNr08Z,4.24,385
965,0,spotify.com,1vcxF91pWs9uNwDROuiCPB,4.23,593
966,0,spotify.com,6Cv09gbV6mHXshhiHE1JO4,4.22,351
967,0,spotify.com,4zweVv3Wa6XgexhoUOzkYs,4.21,1262
968,0,spotify.com,0It6VJoMAare1zdV2wxqZq,4.20,406
969,0,spotify.com,1zOaxkbS1kAY1gIi0g8sOm,4.19,340
970,0,spotify.com,5a8PsqWOuGh7FR1tC6UKUs,4.17,484
971,0,spotify.com,4N5FWMoa2VWSr0vWcPlZPG,4.16,326
972,0,spotify.com,1NyFRrFiJAJIaR6icj1goI,4.15,429
973,0,spotify.com,5dKBaysNJtfpyNTRa5lqDb,4.13,465
974,0,spotify.com,0VZ9xPNa6ROafP6GYYuv2S,4.12,740
975,0,spotify.com,3b8HFl9IaZp95TNPmCf0B2,4.11,407
976,0,spotify.com,2dgyv3NrDuKx0pc1E79Icb,4.10,468
977,0,spotify.com,3s9550inr2UyOtWWiBc89F,4.09,344
978,0,spotify.com,0InFAWpnO2z5ZcO2zJUtIH,4.08,402
979,0,spotify.com,0mWiuXuLAJ3Brin3Or2x6v,4.07,342
980,0,spotify.com,26nr9XnFCYWxBTIP7HyWXg,4.06,364
981,0,spotify.com,1Q7apbyCNuDbZbd618dLtT,4.05,574
982,0,spotify.com,3HOxJ3ZX23eTXXxLjrXNbY,4.04,378
983,0,spotify.com,5iW1BuP8SARrIz6rmSdibY,4.03,293
984,0,spotify.com,0ADZ5dmXhlfzjMw6lefoPl,4.02,322
985,0,spotify.com,4yAVpNElPk8ml1zGwxtwxv,4.00,436
986,0,spotify.com,1yjFanv1lKhZeh6XiGHx3e,3.99,336
987,0,spotify.com,2PcMytOXfhvDm5XaXn8SPQ,3.98,565
988,0,spotify.com,5xK7K6C2Gpme46F9paZH1t,3.97,348
989,0,spotify.com,5nHRIKsXDwUpse9gzrAxLR,3.96,380
990,0,spotify.com,10ViidwjGLCfVtGPfdcszR,3.95,697
991,0,spotify.com,7aTt1NuTHTGxgr16CKIH0U,3.94,362
992,0,spotify.com,3w2o5tO1ThThRQUlPDgxqd,3.93,374
993,0,spotify.com,0cs7BfenkAuxTVJv96KMme,3.92,499
994,0,spotify.com,0qNAiA1JEOPxcWP3KB4nsB,3.91,850
995,0,spotify.com,4vTcPHQlE3zTULythSilu0,3.90,458
996,0,spotify.com,5oidljiMjeJTWUGZ4TfFea,3.89,293
997,0,spotify.com,22sfUgqzYlgZy9ngBn8pnp,3.88,379
998,0,spotify.com,6JM3Xc5AxYojZ4HHpgHN49,3.87,856
999,0,spotify.com,0g1o8gwJKmnIwrqigxjLUd,3.85,278
1000,0,spotify.com,7EYR17bHR2ZkJ8o2mKSJDU,3.83,485
1001,0,spotify.com,44oWUoJ61CgiH948b3pF6J,3.82,293
1002,0,spotify.com,4QbpBv2ka7Zpbrrl5QFAgy,3.81,490
1003,0,spotify.com,0PMgaQFz7F8gvbLJheLXPj,3.80,282
1004,0,spotify.com,0ZEhlT9v8CdOKu55zhYGv9,3.79,269
1005,0,spotify.com,42hwjij0VmBP3ngqoTrmvl,3.78,492
1006,0,spotify.com,4xp6O8cMjMZiIn0TrNC3ji,3.77,306
1007,0,spotify.com,5CGRCPBsqQWs6y5gYVKufI,3.76,403
1008,0,spotify.com,1qfYG2JrchEyJiqKnkE7YQ,3.75,319
1009,0,spotify.com,4xT0Y1EOq5mwTI7Wm3GK6O,3.74,315
1010,0,spotify.com,6nCDnzErqalOaIY3EJM8NK,3.72,325
1011,0,spotify.com,3v9d3mqrggioOlEqa8niBS,3.71,74
1012,0,spotify.com,3hZtCzZtVULcdJkln9pm3l,3.70,256
1013,0,spotify.com,5BP0oaQ1VhuaznT77CBXQp,3.69,263
1014,0,spotify.com,7968fxC9GmlqTiYRXT499O,3.68,480
1015,0,spotify.com,4fikIMteIThAsCtwkSJ75w,3.67,231
1016,0,spotify.com,4iZqNWf2ztEYvw41wnF4Df,3.66,223
1017,0,spotify.com,2J1IxkhqZ2FnydAsvZjuhZ,3.65,232
1018,0,spotify.com,0Bi6CgpgSVCRXwNLXNlRNl,3.63,268
1019,0,spotify.com,2mxd6wnlVwLyfm03OurmED,3.62,326
1020,0,spotify.com,2kbAFQ30mjhn1KulfJB7Vk,3.61,360
1021,0,spotify.com,1ogUJHv5Nu9S6yC2Cv6Pvh,3.59,455
1022,0,spotify.com,5MzjN4pg411OErJ1U2F3bj,3.58,274
1023,0,spotify.com,4WEqIwv2qr1UwTW468SRuw,3.57,327
1024,0,spotify.com,7eEXXED3AUJErvOSx9quZV,3.55,315
1025,0,spotify.com,24H5KPBdSvHQMRXTp12K3J,3.54,293
1026,0,spotify.com,1Bq69dKQp8Kf3sMizZidaM,3.51,193
1027,0,spotify.com,78DAnFAmuBbekO4LeuhRkR,3.49,216
1028,0,spotify.com,69ciJGpXr2UZy3yEnUurbr,3.48,186
1029,0,spotify.com,1CRDfNPQbtCGcqeAAgBGdW,3.45,346
1030,0,spotify.com,1edBcTyZqUmrQ7SriwJzof,3.44,274
1031,0,spotify.com,4lowO1mREnjCG1rUMQAuuG,3.42,150
1032,0,spotify.com,5fQQDsc1SxPYADUTD2EV2N,3.36,204
1033,0,spotify.com,1zlXCEdVDBptIuMU8vqRnR,3.35,388
1034,0,spotify.com,3GpdNg7Krt9vjc6tgDoKe1,3.34,183
1035,0,spotify.com,11RmaYMwhL2noFcwjKvSZd,3.33,313
1036,0,spotify.com,1gS9gftIanh1oMvqwX2YKy,3.31,142
1037,0,spotify.com,6MI9unN5nm2KlfS0QUjOoe,3.28,462
1038,0,spotify.com,4B6BzjDSurNtids9TU4jdE,3.27,214
1039,0,spotify.com,1RsHl6tAFFMOw96MMStYfT,3.26,239
1040,0,spotify.com,0Fghw1Ky3HNSvj04EtPrnf,3.24,192
1041,0,spotify.com,2HwbtJXoVRn0DziJWKGl1e,3.23,1533
1042,0,spotify.com,15wMCb6SftEF9EomcHff8A,3.22,1226
1043,0,spotify.com,5wBB0bSW7UOPUqma2gi9TZ,3.21,375
1044,0,spotify.com,7qOPap76B81KypLVabU8cQ,3.19,201
1045,0,spotify.com,0pjOjoHMJrerHhiXNRs3GK,3.18,358
1046,0,spotify.com,17xqcnBW4CdV6ARXLrKHWy,3.17,511
1047,0,spotify.com,2p0RE2pkZMajUQmg2M12jY,3.15,272
1048,0,spotify.com,1RC7fHf78Ky6MXU9JKQaJG,3.13,168
1049,0,spotify.com,70HxZbVnoyrfQ4dIWgcYMm,3.08,155
1050,0,spotify.com,4VsfBEm21b3HQXd0wkfLTQ,3.07,103
1051,0,spotify.com,4RQ8ddDCvLEAniw6Eq6TTo,3.05,156
1052,0,spotify.com,5yROQPPwCufE2zjsv4FAmv,3.04,153
1053,0,spotify.com,5AiKsq5yODZxY12eykbDGV,3.03,118
1054,0,spotify.com,2BOeCUehEgKBNBDW2wo6pd,3.01,188
1055,9,spotify.com,2cSEVjG12sTBjXVJK0SF7Z,4.99,87
1056,9,spotify.com,1umy8LK9rPrGCQTtPLYE3t,4.98,56
1057,9,spotify.com,7lJcj7F7GuDye26vYSk1bM,4.97,65
1058,9,spotify.com,1vcxF91pWs9uNwDROuiCPB,4.96,85
1059,9,spotify.com,2TYC9SaRhYypUQzB1ZVTG2,4.95,156
1060,9,spotify.com,5ah63mDLedBAPJrPCxhtt5,4.94,106
1061,9,spotify.com,3kVRKixPYEjrerKc0MZPdK,4.93,78
1062,9,spotify.com,5q2hniehVCcIbVL4efDCMY,4.92,133
1063,9,spotify.com,1r1eut6GuXFFDbX0vd9NPv,4.91,120
1064,9,spotify.com,5a8PsqWOuGh7FR1tC6UKUs,4.90,64
1065,9,spotify.com,2ffmPvnKZQqAOAEUo5Klpu,4.88,103
1066,9,spotify.com,1ZwuLFPka2ijOPaBersU6K,4.87,87
1067,9,spotify.com,7qdtmrXxaK0XR8AEeG1d0F,4.86,92
1068,9,spotify.com,5xWJkWQVLWTWTQCHLOhFO9,4.85,7
1069,9,spotify.com,2UZ6MDDg3y5fTAzQU3YYfo,4.84,49
1070,9,spotify.com,6jLGsYXIhfmWkqf0N3cxOF,4.83,92
1071,9,spotify.com,7IRtnqwBAUDuOsIlUSlQ7h,4.82,101
1072,9,spotify.com,4LPUilkROHl6rI9uTytN9h,4.81,71
1073,9,spotify.com,6MrkFuXDTqWdrRJi3MyrE0,4.80,61
1074,9,spotify.com,7eEXXED3AUJErvOSx9quZV,4.78,42
1075,9,spotify.com,0Q5YtY85lz5n7rQkeMNpoe,4.76,70
1076,9,spotify.com,13o0DRf89gTEHrxL31Gh09,4.75,73
1077,9,spotify.com,39sUeHQoIGY6BEIcgTMRXW,4.73,64
1078,9,spotify.com,5vQXxfGn1bjv5WESrYVVpw,4.72,98
1079,9,spotify.com,3jqFydCMZUOO1evtCsoKJH,4.71,99
1080,9,spotify.com,0y2IOSoxpgGJ3KZDrmat9p,4.70,78
1081,9,spotify.com,5MxNLUsfh7uzROypsoO5qe,4.69,56
1082,9,spotify.com,2LTl1pU074hnzAdy0SpHAb,4.68,134
1083,9,spotify.com,1qfYG2JrchEyJiqKnkE7YQ,4.67,39
1084,9,spotify.com,2Ygs64z9ywJGakuKU8tr6o,4.66,151
1085,9,spotify.com,7GKz0H7kpekx07I5WCMDGJ,4.65,57
1086,9,spotify.com,6GTmGEAiR9pyWN5f1lgXSt,4.64,69
1087,9,spotify.com,0cs7BfenkAuxTVJv96KMme,4.63,70
1088,9,spotify.com,6nCDnzErqalOaIY3EJM8NK,4.62,38
1089,9,spotify.com,5kD9T7GForh8LnRz5ClbL8,4.61,63
1090,9,spotify.com,6UxEOR3EzHo5YXzE1f12v9,4.60,101
1091,9,spotify.com,742elOBEMLPUtaGDumo5Qz,4.59,83
1092,9,spotify.com,0K6GsFLI8po7s9GOuid5tN,4.58,45
1093,9,spotify.com,6orRbaAgk8QyiXthlxsMnh,4.56,89
1094,9,spotify.com,6dMRmfwXYSEOxwTW4zhysj,4.55,40
1095,9,spotify.com,2M9ULmQwTaTGmAdXaXpfz5,4.54,105
1096,9,spotify.com,6zc7xLlx5rrEUgIuGa7DoR,4.52,74
1097,9,spotify.com,0DCdMiGUOlZM8YRRF2kzR7,4.51,72
1098,9,spotify.com,2PcMytOXfhvDm5XaXn8SPQ,4.50,59
1099,9,spotify.com,3HOxJ3ZX23eTXXxLjrXNbY,4.49,59
1100,9,spotify.com,1Q7apbyCNuDbZbd618dLtT,4.47,58
1101,9,spotify.com,7EYR17bHR2ZkJ8o2mKSJDU,4.46,77
1102,9,spotify.com,6JM3Xc5AxYojZ4HHpgHN49,4.45,126
1103,9,spotify.com,5MzjN4pg411OErJ1U2F3bj,4.44,33
1104,9,spotify.com,7IdznjcKCOWhydUH02Istz,4.43,62
1105,9,spotify.com,7aTt1NuTHTGxgr16CKIH0U,4.42,59
1106,9,spotify.com,6SkxGjgzMbD4cBtRpF6AAm,4.41,37
1107,9,spotify.com,48Gp6fl66YhMrA1lmMWiVb,4.40,36
1108,9,spotify.com,7FG74DheH8HaSXOS4OeQWj,4.39,56
1109,9,spotify.com,1RC7fHf78Ky6MXU9JKQaJG,4.38,33
1110,9,spotify.com,0It6VJoMAare1zdV2wxqZq,4.37,62
1111,9,spotify.com,4xp6O8cMjMZiIn0TrNC3ji,4.36,56
1112,9,spotify.com,42hwjij0VmBP3ngqoTrmvl,4.35,74
1113,9,spotify.com,2tAIjFvRlHjP64J0DKWPJW,4.34,91
1114,9,spotify.com,4I2GqMe7L2ccMpUbnDzYLH,4.33,77
1115,9,spotify.com,11RmaYMwhL2noFcwjKvSZd,4.32,48
1116,9,spotify.com,4vTcPHQlE3zTULythSilu0,4.30,76
1117,9,spotify.com,3e0wYnFxkqinmtXebYPMSt,4.29,137
1118,9,spotify.com,5wBB0bSW7UOPUqma2gi9TZ,4.28,46
1119,9,spotify.com,2p0RE2pkZMajUQmg2M12jY,4.27,45
1120,9,spotify.com,2gIVqrC5BG8BMeO9r1qtCr,4.25,49
1121,9,spotify.com,0KgciKBUO7Wl18eX4Ldhq7,4.23,71
1122,9,spotify.com,1RsHl6tAFFMOw96MMStYfT,4.22,47
1123,9,spotify.com,0VZ9xPNa6ROafP6GYYuv2S,4.21,115
1124,9,spotify.com,3hZtCzZtVULcdJkln9pm3l,4.20,46
1125,9,spotify.com,4VQu1ooCteGDynSZYUgvT4,4.19,50
1126,9,spotify.com,52TSjnEfXo40EzuylAhf6k,4.18,64
1127,9,spotify.com,4E6cwWJWZw2zWf7VFbH7wf,4.17,24
1128,9,spotify.com,5rb9QrpfcKFHM1EUbSIurX,4.16,48
1129,9,spotify.com,17rf2oZYDVymJeYI9ftDXc,4.14,33
1130,9,spotify.com,7dsSXKdehlHtTPwL1KUbvY,4.13,88
1131,9,spotify.com,3e5rEt48191MwuHWBDwOcZ,4.10,68
1132,9,spotify.com,5oidljiMjeJTWUGZ4TfFea,4.09,47
1133,9,spotify.com,4fqej7naoDXIuulGZtjl1h,4.07,109
1134,9,spotify.com,4VqPOruhp5EdPBeR92t6lQ,4.05,96
1135,9,spotify.com,576hBTV6sFsLOpoEaqW1Jv,4.04,97
1136,9,spotify.com,31Q9ZTF9x81BDonlObCbvP,4.03,41
1137,9,spotify.com,6KIb8bMOyN7pFplT0M3ffA,4.02,82
1138,9,spotify.com,0InFAWpnO2z5ZcO2zJUtIH,4.01,52
1139,9,spotify.com,14UFeUG8RCx1XwSuGF9Tcs,4.00,103
1140,9,spotify.com,57bJXivj8NfICIzPgNr08Z,3.99,48
1141,9,spotify.com,15wMCb6SftEF9EomcHff8A,3.98,179
1142,9,spotify.com,44oWUoJ61CgiH948b3pF6J,3.96,42
1143,9,spotify.com,0zVcgA0ug30pW6hBXtXKUL,3.95,99
1144,9,spotify.com,3EPZ5tHpCNueKcXmvXEDxi,3.94,75
1145,9,spotify.com,1NyFRrFiJAJIaR6icj1goI,3.93,58
1146,9,spotify.com,2lwwrWVKdf3LR9lbbhnr6R,3.91,102
1147,9,spotify.com,4IrmWy6NFy5kpZC01rWcRx,3.90,63
1148,9,spotify.com,4QbpBv2ka7Zpbrrl5QFAgy,3.89,71
1149,9,spotify.com,4zweVv3Wa6XgexhoUOzkYs,3.88,185
1150,9,spotify.com,4MOHOrZFnYeNcSGSl6UyPn,3.87,59
1151,9,spotify.com,1Jc3tGa11ITNgph0yewlqn,3.86,11
1152,9,spotify.com,0gOyllwzM7IvfuYZ903zNv,3.84,45
1153,9,spotify.com,4WEqIwv2qr1UwTW468SRuw,3.83,48
1154,9,spotify.com,7968fxC9GmlqTiYRXT499O,3.82,58
1155,9,spotify.com,2eoVXXCe2Uryug9QiXH0RI,3.78,30
1156,9,spotify.com,4RNLti9PXDRgvD8dXrqVaX,3.77,42
1157,9,spotify.com,1879aiUSpb1qNoiwtQA2XH,3.76,29
1158,9,spotify.com,4vayH6VTzFiV8aMY5xEDIV,3.75,38
1159,9,spotify.com,69ciJGpXr2UZy3yEnUurbr,3.73,32
1160,9,spotify.com,1bq6XxdA59f5qJS5mw67Sc,3.72,54
1161,9,spotify.com,4iZqNWf2ztEYvw41wnF4Df,3.71,37
1162,9,spotify.com,0qNAiA1JEOPxcWP3KB4nsB,3.70,121
1163,9,spotify.com,10ViidwjGLCfVtGPfdcszR,3.69,100
1164,9,spotify.com,7ETIpeMVkmcTyCNUrm4arS,3.68,34
1165,9,spotify.com,0PMgaQFz7F8gvbLJheLXPj,3.67,45
1166,9,spotify.com,2kbAFQ30mjhn1KulfJB7Vk,3.64,52
1167,9,spotify.com,4xT0Y1EOq5mwTI7Wm3GK6O,3.63,47
1168,9,spotify.com,1lloY2uDHW8QU98TNGFe8J,3.61,40
1169,9,spotify.com,6PvYTAWLe9BfPAfjrwSTVF,3.60,10
1170,9,spotify.com,1JEGqnsq7AnAQqszMYaKsR,3.59,5
1171,9,spotify.com,17PwbYemqwgiOFg0boOFru,3.58,26
1172,9,spotify.com,4B6BzjDSurNtids9TU4jdE,3.57,26
1173,9,spotify.com,5CGRCPBsqQWs6y5gYVKufI,3.55,70
1174,9,spotify.com,1NgvlkVfh6qgAeUbHstIAV,3.54,18
1175,9,spotify.com,3lbx13YshETqbBolc9Hc14,3.52,29
1176,9,spotify.com,1ogUJHv5Nu9S6yC2Cv6Pvh,3.50,66
1177,9,spotify.com,22sfUgqzYlgZy9ngBn8pnp,3.47,52
1178,9,spotify.com,2BOeCUehEgKBNBDW2wo6pd,3.45,38
1179,9,spotify.com,2HwbtJXoVRn0DziJWKGl1e,3.43,247
1180,9,spotify.com,1zlXCEdVDBptIuMU8vqRnR,3.42,51
1181,9,spotify.com,4VeckXkbyYxp8bvJnocdLw,3.41,39
1182,9,spotify.com,1Bq69dKQp8Kf3sMizZidaM,3.39,36
1183,9,spotify.com,00QWKBxVaKanCHV9Oag6f1,3.37,30
1184,9,spotify.com,4lowO1mREnjCG1rUMQAuuG,3.36,25
1185,9,spotify.com,6MI9unN5nm2KlfS0QUjOoe,3.35,78
1186,9,spotify.com,1edBcTyZqUmrQ7SriwJzof,3.34,33
1187,9,spotify.com,5Ad1ND4R2lhWhLlWnu02K9,3.33,11
1188,9,spotify.com,0pjOjoHMJrerHhiXNRs3GK,3.30,52
1189,9,spotify.com,1CRDfNPQbtCGcqeAAgBGdW,3.29,45
1190,9,spotify.com,10hUxEClCG8xsSMyp8aL8R,3.28,24
1191,9,spotify.com,24H5KPBdSvHQMRXTp12K3J,3.26,46
1192,9,spotify.com,0oDMQmipUDEH6ufAZo9QwL,3.25,25
1193,9,spotify.com,2oe4EJqgddv1sqgz1iXIGj,3.24,26
1194,9,spotify.com,17xqcnBW4CdV6ARXLrKHWy,3.23,72
1195,9,spotify.com,1mBmd558ZnPKZx7Xk51oEa,3.21,23
1196,9,spotify.com,1gS9gftIanh1oMvqwX2YKy,3.20,25
1197,9,spotify.com,0ZEhlT9v8CdOKu55zhYGv9,3.19,40
1198,9,spotify.com,3ZBSXNYdTZVaBUQI3E2rF6,3.16,22
1199,9,spotify.com,67pbkCFr16VVeFoQgnEzGu,3.15,11
1200,9,spotify.com,2QR031rbpH1YTMpRFvMafw,3.11,23
1201,9,spotify.com,21FFj5GqlujABc0H06uN8j,3.08,13
1202,9,spotify.com,4VsfBEm21b3HQXd0wkfLTQ,3.07,16
1203,9,spotify.com,76fdPbq1WO1wFUaUzUrCD8,3.05,13
1204,12,spotify.com,4VsfBEm21b3HQXd0wkfLTQ,5.00,19
1205,12,spotify.com,1ZwuLFPka2ijOPaBersU6K,4.99,151
1206,12,spotify.com,2Ygs64z9ywJGakuKU8tr6o,4.98,224
1207,12,spotify.com,3jqFydCMZUOO1evtCsoKJH,4.97,158
1208,12,spotify.com,0y2IOSoxpgGJ3KZDrmat9p,4.96,112
1209,12,spotify.com,5nHRIKsXDwUpse9gzrAxLR,4.95,95
1210,12,spotify.com,1umy8LK9rPrGCQTtPLYE3t,4.94,102
1211,12,spotify.com,4xT0Y1EOq5mwTI7Wm3GK6O,4.93,63
1212,12,spotify.com,0dTmbzrFyzE1KUGjVqGYfJ,4.92,55
1213,12,spotify.com,1vcxF91pWs9uNwDROuiCPB,4.91,129
1214,12,spotify.com,7FG74DheH8HaSXOS4OeQWj,4.90,91
1215,12,spotify.com,6KIb8bMOyN7pFplT0M3ffA,4.89,116
1216,12,spotify.com,2UZ6MDDg3y5fTAzQU3YYfo,4.88,95
1217,12,spotify.com,5dKBaysNJtfpyNTRa5lqDb,4.87,107
1218,12,spotify.com,52TSjnEfXo40EzuylAhf6k,4.86,132
1219,12,spotify.com,5q2hniehVCcIbVL4efDCMY,4.85,205
1220,12,spotify.com,3kVRKixPYEjrerKc0MZPdK,4.84,130
1221,12,spotify.com,39sUeHQoIGY6BEIcgTMRXW,4.83,102
1222,12,spotify.com,57bJXivj8NfICIzPgNr08Z,4.82,84
1223,12,spotify.com,7GKz0H7kpekx07I5WCMDGJ,4.81,127
1224,12,spotify.com,2gIVqrC5BG8BMeO9r1qtCr,4.79,69
1225,12,spotify.com,7dsSXKdehlHtTPwL1KUbvY,4.78,128
1226,12,spotify.com,7qdtmrXxaK0XR8AEeG1d0F,4.77,124
1227,12,spotify.com,2tAIjFvRlHjP64J0DKWPJW,4.76,145
1228,12,spotify.com,4fqej7naoDXIuulGZtjl1h,4.75,184
1229,12,spotify.com,5a8PsqWOuGh7FR1tC6UKUs,4.74,118
1230,12,spotify.com,1yjFanv1lKhZeh6XiGHx3e,4.73,72
1231,12,spotify.com,5BP0oaQ1VhuaznT77CBXQp,4.71,73
1232,12,spotify.com,4yAVpNElPk8ml1zGwxtwxv,4.70,107
1233,12,spotify.com,6HNruFQlzQx4ulL4ppRLYI,4.69,92
1234,12,spotify.com,2LTl1pU074hnzAdy0SpHAb,4.68,238
1235,12,spotify.com,1zOaxkbS1kAY1gIi0g8sOm,4.67,73
1236,12,spotify.com,6UxEOR3EzHo5YXzE1f12v9,4.66,146
1237,12,spotify.com,2cSEVjG12sTBjXVJK0SF7Z,4.65,144
1238,12,spotify.com,44HBcWA1jp22uKjKbwZd7Z,4.64,108
1239,12,spotify.com,0zVcgA0ug30pW6hBXtXKUL,4.63,155
1240,12,spotify.com,2ffmPvnKZQqAOAEUo5Klpu,4.62,170
1241,12,spotify.com,2TYC9SaRhYypUQzB1ZVTG2,4.61,238
1242,12,spotify.com,4ar5OP7pkWN4BYGqW3GzTJ,4.59,103
1243,12,spotify.com,5kD9T7GForh8LnRz5ClbL8,4.58,118
1244,12,spotify.com,7IRtnqwBAUDuOsIlUSlQ7h,4.57,154
1245,12,spotify.com,4xp6O8cMjMZiIn0TrNC3ji,4.55,79
1246,12,spotify.com,5oidljiMjeJTWUGZ4TfFea,4.54,64
1247,12,spotify.com,5ah63mDLedBAPJrPCxhtt5,4.52,170
1248,12,spotify.com,76WRHOINx2bIcOgnwBKydI,4.51,57
1249,12,spotify.com,1bq6XxdA59f5qJS5mw67Sc,4.50,80
1250,12,spotify.com,5vQXxfGn1bjv5WESrYVVpw,4.49,147
1251,12,spotify.com,0DCdMiGUOlZM8YRRF2kzR7,4.47,131
1252,12,spotify.com,4MOHOrZFnYeNcSGSl6UyPn,4.46,100
1253,12,spotify.com,3e5rEt48191MwuHWBDwOcZ,4.45,95
1254,12,spotify.com,7IdznjcKCOWhydUH02Istz,4.44,114
1255,12,spotify.com,6GTmGEAiR9pyWN5f1lgXSt,4.43,140
1256,12,spotify.com,1lKBe4bDNB61QkvZjPBYxJ,4.42,81
1257,12,spotify.com,14UFeUG8RCx1XwSuGF9Tcs,4.41,135
1258,12,spotify.com,1Q7apbyCNuDbZbd618dLtT,4.40,122
1259,12,spotify.com,4zjJXRSu4u8rfQxkPMK07o,4.39,110
1260,12,spotify.com,4VQu1ooCteGDynSZYUgvT4,4.38,80
1261,12,spotify.com,6orRbaAgk8QyiXthlxsMnh,4.37,134
1262,12,spotify.com,6zc7xLlx5rrEUgIuGa7DoR,4.36,132
1263,12,spotify.com,0It6VJoMAare1zdV2wxqZq,4.35,92
1264,12,spotify.com,7nnWIPM5hwE3DaUBkvOIpy,4.34,82
1265,12,spotify.com,3HOxJ3ZX23eTXXxLjrXNbY,4.33,88
1266,12,spotify.com,3EPZ5tHpCNueKcXmvXEDxi,4.32,108
1267,12,spotify.com,4zweVv3Wa6XgexhoUOzkYs,4.31,290
1268,12,spotify.com,1r1eut6GuXFFDbX0vd9NPv,4.30,186
1269,12,spotify.com,6jLGsYXIhfmWkqf0N3cxOF,4.29,154
1270,12,spotify.com,2MKqIFvHseB2VZgpdQdKsu,4.28,110
1271,12,spotify.com,6oD0TvHIYmObKNl5Mz05ri,4.27,55
1272,12,spotify.com,0Q5YtY85lz5n7rQkeMNpoe,4.26,99
1273,12,spotify.com,42hwjij0VmBP3ngqoTrmvl,4.24,98
1274,12,spotify.com,2lwwrWVKdf3LR9lbbhnr6R,4.23,180
1275,12,spotify.com,7lJcj7F7GuDye26vYSk1bM,4.22,130
1276,12,spotify.com,4N5FWMoa2VWSr0vWcPlZPG,4.21,70
1277,12,spotify.com,4LPUilkROHl6rI9uTytN9h,4.20,126
1278,12,spotify.com,3e0wYnFxkqinmtXebYPMSt,4.18,197
1279,12,spotify.com,5MxNLUsfh7uzROypsoO5qe,4.17,78
1280,12,spotify.com,4VeckXkbyYxp8bvJnocdLw,4.16,55
1281,12,spotify.com,4vTcPHQlE3zTULythSilu0,4.15,111
1282,12,spotify.com,2mxd6wnlVwLyfm03OurmED,4.14,63
1283,12,spotify.com,4IrmWy6NFy5kpZC01rWcRx,4.13,121
1284,12,spotify.com,2kbAFQ30mjhn1KulfJB7Vk,4.12,77
1285,12,spotify.com,31Q9ZTF9x81BDonlObCbvP,4.11,108
1286,12,spotify.com,2dgyv3NrDuKx0pc1E79Icb,4.10,93
1287,12,spotify.com,3b8HFl9IaZp95TNPmCf0B2,4.09,98
1288,12,spotify.com,1NyFRrFiJAJIaR6icj1goI,4.08,74
1289,12,spotify.com,5wBB0bSW7UOPUqma2gi9TZ,4.07,74
1290,12,spotify.com,13o0DRf89gTEHrxL31Gh09,4.05,123
1291,12,spotify.com,4fikIMteIThAsCtwkSJ75w,4.03,53
1292,12,spotify.com,3w2o5tO1ThThRQUlPDgxqd,4.02,77
1293,12,spotify.com,0VZ9xPNa6ROafP6GYYuv2S,4.00,179
1294,12,spotify.com,6yr8GiTHWvFfi4o6Q5ebdT,3.99,75
1295,12,spotify.com,4iZqNWf2ztEYvw41wnF4Df,3.98,50
1296,12,spotify.com,7EYR17bHR2ZkJ8o2mKSJDU,3.97,114
1297,12,spotify.com,4B6BzjDSurNtids9TU4jdE,3.96,51
1298,12,spotify.com,24H5KPBdSvHQMRXTp12K3J,3.95,71
1299,12,spotify.com,2M9ULmQwTaTGmAdXaXpfz5,3.94,166
1300,12,spotify.com,6JM3Xc5AxYojZ4HHpgHN49,3.93,175
1301,12,spotify.com,742elOBEMLPUtaGDumo5Qz,3.92,110
1302,12,spotify.com,1RsHl6tAFFMOw96MMStYfT,3.91,57
1303,12,spotify.com,576hBTV6sFsLOpoEaqW1Jv,3.90,173
1304,12,spotify.com,2R7f66MfBXjr5DfL0g3u6J,3.89,66
1305,12,spotify.com,0IYGBLj6OutGafLoC5cqsl,3.88,43
1306,12,spotify.com,3s9550inr2UyOtWWiBc89F,3.87,78
1307,12,spotify.com,6MrkFuXDTqWdrRJi3MyrE0,3.86,91
1308,12,spotify.com,4VqPOruhp5EdPBeR92t6lQ,3.84,137
1309,12,spotify.com,22sfUgqzYlgZy9ngBn8pnp,3.83,76
1310,12,spotify.com,5voKHxbIqgBU7fZMX8Lu0T,3.82,70
1311,12,spotify.com,5CGRCPBsqQWs6y5gYVKufI,3.81,92
1312,12,spotify.com,10ViidwjGLCfVtGPfdcszR,3.80,141
1313,12,spotify.com,17rf2oZYDVymJeYI9ftDXc,3.79,45
1314,12,spotify.com,7aTt1NuTHTGxgr16CKIH0U,3.78,91
1315,12,spotify.com,0InFAWpnO2z5ZcO2zJUtIH,3.77,94
1316,12,spotify.com,10hUxEClCG8xsSMyp8aL8R,3.76,29
1317,12,spotify.com,2PcMytOXfhvDm5XaXn8SPQ,3.75,121
1318,12,spotify.com,0cs7BfenkAuxTVJv96KMme,3.74,133
1319,12,spotify.com,4WEqIwv2qr1UwTW468SRuw,3.73,71
1320,12,spotify.com,2byQvsWdHX8xxg6Ml46QLz,3.71,33
1321,12,spotify.com,2HwbtJXoVRn0DziJWKGl1e,3.69,385
1322,12,spotify.com,7qOPap76B81KypLVabU8cQ,3.66,50
1323,12,spotify.com,50iHX5NMLcD5Wp4ax4FPYY,3.64,30
1324,12,spotify.com,0KgciKBUO7Wl18eX4Ldhq7,3.63,85
1325,12,spotify.com,1Bq69dKQp8Kf3sMizZidaM,3.62,60
1326,12,spotify.com,44oWUoJ61CgiH948b3pF6J,3.61,58
1327,12,spotify.com,2p0RE2pkZMajUQmg2M12jY,3.60,65
1328,12,spotify.com,0C2eEsMBj78CLkHNJPjohc,3.59,53
1329,12,spotify.com,0pjOjoHMJrerHhiXNRs3GK,3.56,83
1330,12,spotify.com,17xqcnBW4CdV6ARXLrKHWy,3.55,99
1331,12,spotify.com,15wMCb6SftEF9EomcHff8A,3.53,261
1332,12,spotify.com,69ciJGpXr2UZy3yEnUurbr,3.51,38
1333,12,spotify.com,15Ev5G9uLhXqjBH4t16GQq,3.50,33
1334,12,spotify.com,4I2GqMe7L2ccMpUbnDzYLH,3.49,108
1335,12,spotify.com,1zlXCEdVDBptIuMU8vqRnR,3.48,94
1336,12,spotify.com,2J1IxkhqZ2FnydAsvZjuhZ,3.47,54
1337,12,spotify.com,3hZtCzZtVULcdJkln9pm3l,3.46,52
1338,12,spotify.com,1edBcTyZqUmrQ7SriwJzof,3.45,57
1339,12,spotify.com,1ogUJHv5Nu9S6yC2Cv6Pvh,3.43,93
1340,12,spotify.com,1RC7fHf78Ky6MXU9JKQaJG,3.40,44
1341,12,spotify.com,0qNAiA1JEOPxcWP3KB4nsB,3.38,166
1342,12,spotify.com,5AYXWbqQQsWr5c9ueY7ZAY,3.37,57
1343,12,spotify.com,5MzjN4pg411OErJ1U2F3bj,3.35,58
1344,12,spotify.com,7eEXXED3AUJErvOSx9quZV,3.32,70
1345,12,spotify.com,4XLHo3IWwPC3CaCwm2X41T,3.31,19
1346,12,spotify.com,7968fxC9GmlqTiYRXT499O,3.29,99
1347,12,spotify.com,1qfYG2JrchEyJiqKnkE7YQ,3.27,68
1348,12,spotify.com,2BOeCUehEgKBNBDW2wo6pd,3.25,50
1349,12,spotify.com,11RmaYMwhL2noFcwjKvSZd,3.24,71
1350,12,spotify.com,6MI9unN5nm2KlfS0QUjOoe,3.22,108
1351,12,spotify.com,4QbpBv2ka7Zpbrrl5QFAgy,3.20,120
1352,12,spotify.com,0Fghw1Ky3HNSvj04EtPrnf,3.18,43
1353,12,spotify.com,78DAnFAmuBbekO4LeuhRkR,3.15,49
1354,12,spotify.com,4RQ8ddDCvLEAniw6Eq6TTo,3.14,32
1355,12,spotify.com,00QWKBxVaKanCHV9Oag6f1,3.13,48
1356,12,spotify.com,1CRDfNPQbtCGcqeAAgBGdW,3.11,69
1357,12,spotify.com,2THkQauDWMvJgXFGPY4iKB,3.10,33
1358,12,spotify.com,3GpdNg7Krt9vjc6tgDoKe1,3.08,46
1359,12,spotify.com,4A1e0UIMPO86xcLfD1G9oy,3.03,28
1360,12,spotify.com,4eEjl5Js5xR650w08mLOIn,3.02,5
1361,7,spotify.com,0KgciKBUO7Wl18eX4Ldhq7,4.99,5
1362,7,spotify.com,0VZ9xPNa6ROafP6GYYuv2S,4.98,12
1363,7,spotify.com,7aTt1NuTHTGxgr16CKIH0U,4.97,8
1364,7,spotify.com,7IRtnqwBAUDuOsIlUSlQ7h,4.96,8
1365,7,spotify.com,5q2hniehVCcIbVL4efDCMY,4.94,10
1366,7,spotify.com,2LTl1pU074hnzAdy0SpHAb,4.93,13
1367,7,spotify.com,4zweVv3Wa6XgexhoUOzkYs,4.92,14
1368,7,spotify.com,01c2KAb4JOB4uchgl3C1y0,4.91,5
1369,7,spotify.com,4fqej7naoDXIuulGZtjl1h,4.90,10
1370,7,spotify.com,4IrmWy6NFy5kpZC01rWcRx,4.89,6
1371,7,spotify.com,2ffmPvnKZQqAOAEUo5Klpu,4.88,11
1372,7,spotify.com,3e0wYnFxkqinmtXebYPMSt,4.87,10
1373,7,spotify.com,1r1eut6GuXFFDbX0vd9NPv,4.86,9
1374,7,spotify.com,2tAIjFvRlHjP64J0DKWPJW,4.85,9
1375,7,spotify.com,4I2GqMe7L2ccMpUbnDzYLH,4.83,7
1376,7,spotify.com,6UxEOR3EzHo5YXzE1f12v9,4.82,7
1377,7,spotify.com,4QbpBv2ka7Zpbrrl5QFAgy,4.81,7
1378,7,spotify.com,576hBTV6sFsLOpoEaqW1Jv,4.80,8
1379,7,spotify.com,5vQXxfGn1bjv5WESrYVVpw,4.79,8
1380,7,spotify.com,1CRDfNPQbtCGcqeAAgBGdW,4.78,6
1381,7,spotify.com,4WEqIwv2qr1UwTW468SRuw,4.77,6
1382,7,spotify.com,5a8PsqWOuGh7FR1tC6UKUs,4.76,6
1383,7,spotify.com,4ar5OP7pkWN4BYGqW3GzTJ,4.74,5
1384,7,spotify.com,2Ygs64z9ywJGakuKU8tr6o,4.73,7
1385,7,spotify.com,6jLGsYXIhfmWkqf0N3cxOF,4.72,6
1386,7,spotify.com,5dKBaysNJtfpyNTRa5lqDb,4.71,6
1387,7,spotify.com,14UFeUG8RCx1XwSuGF9Tcs,4.70,5
1388,7,spotify.com,10ViidwjGLCfVtGPfdcszR,4.69,10
1389,7,spotify.com,1vcxF91pWs9uNwDROuiCPB,4.68,10
1390,7,spotify.com,7GKz0H7kpekx07I5WCMDGJ,4.67,7
1391,7,spotify.com,6JM3Xc5AxYojZ4HHpgHN49,4.66,12
1392,7,spotify.com,6GTmGEAiR9pyWN5f1lgXSt,4.65,5
1393,7,spotify.com,6MI9unN5nm2KlfS0QUjOoe,4.64,8
1394,7,spotify.com,7IdznjcKCOWhydUH02Istz,4.63,8
1395,7,spotify.com,2M9ULmQwTaTGmAdXaXpfz5,4.62,10
1396,7,spotify.com,2TYC9SaRhYypUQzB1ZVTG2,4.61,7
1397,7,spotify.com,2lwwrWVKdf3LR9lbbhnr6R,4.60,8
1398,7,spotify.com,13o0DRf89gTEHrxL31Gh09,4.58,7
1399,7,spotify.com,6zc7xLlx5rrEUgIuGa7DoR,4.57,7
1400,7,spotify.com,52TSjnEfXo40EzuylAhf6k,4.56,7
1401,7,spotify.com,7qdtmrXxaK0XR8AEeG1d0F,4.55,7
1402,7,spotify.com,0qNAiA1JEOPxcWP3KB4nsB,4.54,6
1403,7,spotify.com,4MOHOrZFnYeNcSGSl6UyPn,4.52,6
1404,7,spotify.com,4VqPOruhp5EdPBeR92t6lQ,4.51,6
1405,7,spotify.com,42hwjij0VmBP3ngqoTrmvl,4.50,7
1406,7,spotify.com,7lJcj7F7GuDye26vYSk1bM,4.49,11
1407,7,spotify.com,5ah63mDLedBAPJrPCxhtt5,4.48,11
1408,7,spotify.com,4VQu1ooCteGDynSZYUgvT4,4.47,5
1409,7,spotify.com,2HwbtJXoVRn0DziJWKGl1e,4.46,15
1410,7,spotify.com,4vTcPHQlE3zTULythSilu0,4.45,8
1411,7,spotify.com,5wBB0bSW7UOPUqma2gi9TZ,4.41,7
1412,7,spotify.com,15wMCb6SftEF9EomcHff8A,4.39,12
1413,7,spotify.com,5CGRCPBsqQWs6y5gYVKufI,4.34,6
1414,7,spotify.com,7nnWIPM5hwE3DaUBkvOIpy,4.33,5
1415,8,spotify.com,38yNO4vxCC5YDB2orOwGpu,5.00,62
1416,8,spotify.com,5q2hniehVCcIbVL4efDCMY,4.98,472
1417,8,spotify.com,2Ygs64z9ywJGakuKU8tr6o,4.97,556
1418,8,spotify.com,2tAIjFvRlHjP64J0DKWPJW,4.96,376
1419,8,spotify.com,31Q9ZTF9x81BDonlObCbvP,4.95,234
1420,8,spotify.com,3kVRKixPYEjrerKc0MZPdK,4.94,326
1421,8,spotify.com,2TYC9SaRhYypUQzB1ZVTG2,4.93,560
1422,8,spotify.com,3jqFydCMZUOO1evtCsoKJH,4.92,395
1423,8,spotify.com,1umy8LK9rPrGCQTtPLYE3t,4.91,218
1424,8,spotify.com,3e0wYnFxkqinmtXebYPMSt,4.90,470
1425,8,spotify.com,5rb9QrpfcKFHM1EUbSIurX,4.89,196
1426,8,spotify.com,1r1eut6GuXFFDbX0vd9NPv,4.88,435
1427,8,spotify.com,6orRbaAgk8QyiXthlxsMnh,4.87,353
1428,8,spotify.com,6MrkFuXDTqWdrRJi3MyrE0,4.86,209
1429,8,spotify.com,13o0DRf89gTEHrxL31Gh09,4.85,283
1430,8,spotify.com,1ZwuLFPka2ijOPaBersU6K,4.84,373
1431,8,spotify.com,39sUeHQoIGY6BEIcgTMRXW,4.83,252
1432,8,spotify.com,6zc7xLlx5rrEUgIuGa7DoR,4.82,316
1433,8,spotify.com,7FG74DheH8HaSXOS4OeQWj,4.81,249
1434,8,spotify.com,7GKz0H7kpekx07I5WCMDGJ,4.80,262
1435,8,spotify.com,4VqPOruhp5EdPBeR92t6lQ,4.79,344
1436,8,spotify.com,4ar5OP7pkWN4BYGqW3GzTJ,4.78,223
1437,8,spotify.com,44HBcWA1jp22uKjKbwZd7Z,4.77,238
1438,8,spotify.com,14UFeUG8RCx1XwSuGF9Tcs,4.75,365
1439,8,spotify.com,0It6VJoMAare1zdV2wxqZq,4.74,192
1440,8,spotify.com,2UZ6MDDg3y5fTAzQU3YYfo,4.72,239
1441,8,spotify.com,2lwwrWVKdf3LR9lbbhnr6R,4.71,374
1442,8,spotify.com,4LPUilkROHl6rI9uTytN9h,4.70,302
1443,8,spotify.com,2M9ULmQwTaTGmAdXaXpfz5,4.69,387
1444,8,spotify.com,2cSEVjG12sTBjXVJK0SF7Z,4.68,364
1445,8,spotify.com,2LTl1pU074hnzAdy0SpHAb,4.67,538
1446,8,spotify.com,5vQXxfGn1bjv5WESrYVVpw,4.66,417
1447,8,spotify.com,57bJXivj8NfICIzPgNr08Z,4.65,201
1448,8,spotify.com,0zVcgA0ug30pW6hBXtXKUL,4.64,374
1449,8,spotify.com,7lJcj7F7GuDye26vYSk1bM,4.63,301
1450,8,spotify.com,5a8PsqWOuGh7FR1tC6UKUs,4.62,265
1451,8,spotify.com,3s9550inr2UyOtWWiBc89F,4.61,185
1452,8,spotify.com,6jLGsYXIhfmWkqf0N3cxOF,4.60,365
1453,8,spotify.com,7EYR17bHR2ZkJ8o2mKSJDU,4.59,254
1454,8,spotify.com,3EPZ5tHpCNueKcXmvXEDxi,4.57,236
1455,8,spotify.com,7qdtmrXxaK0XR8AEeG1d0F,4.56,356
1456,8,spotify.com,4VQu1ooCteGDynSZYUgvT4,4.55,175
1457,8,spotify.com,2ffmPvnKZQqAOAEUo5Klpu,4.54,393
1458,8,spotify.com,1vcxF91pWs9uNwDROuiCPB,4.52,282
1459,8,spotify.com,4fqej7naoDXIuulGZtjl1h,4.51,408
1460,8,spotify.com,3YGg9SjRxud5aWsEjllwXZ,4.50,189
1461,8,spotify.com,6UxEOR3EzHo5YXzE1f12v9,4.49,336
1462,8,spotify.com,2PcMytOXfhvDm5XaXn8SPQ,4.48,284
1463,8,spotify.com,0DCdMiGUOlZM8YRRF2kzR7,4.47,291
1464,8,spotify.com,6HNruFQlzQx4ulL4ppRLYI,4.46,216
1465,8,spotify.com,5iW1BuP8SARrIz6rmSdibY,4.45,172
1466,8,spotify.com,576hBTV6sFsLOpoEaqW1Jv,4.44,363
1467,8,spotify.com,7dsSXKdehlHtTPwL1KUbvY,4.43,306
1468,8,spotify.com,3HOxJ3ZX23eTXXxLjrXNbY,4.42,209
1469,8,spotify.com,0VZ9xPNa6ROafP6GYYuv2S,4.41,362
1470,8,spotify.com,52TSjnEfXo40EzuylAhf6k,4.40,242
1471,8,spotify.com,742elOBEMLPUtaGDumo5Qz,4.39,255
1472,8,spotify.com,5ah63mDLedBAPJrPCxhtt5,4.37,474
1473,8,spotify.com,0rTZNOc6MUHU68agVQ672b,4.36,164
1474,8,spotify.com,4zjJXRSu4u8rfQxkPMK07o,4.34,247
1475,8,spotify.com,1bq6XxdA59f5qJS5mw67Sc,4.33,205
1476,8,spotify.com,4I2GqMe7L2ccMpUbnDzYLH,4.32,275
1477,8,spotify.com,1zOaxkbS1kAY1gIi0g8sOm,4.31,204
1478,8,spotify.com,7IRtnqwBAUDuOsIlUSlQ7h,4.30,373
1479,8,spotify.com,5kD9T7GForh8LnRz5ClbL8,4.29,273
1480,8,spotify.com,4IrmWy6NFy5kpZC01rWcRx,4.28,201
1481,8,spotify.com,5dKBaysNJtfpyNTRa5lqDb,4.27,230
1482,8,spotify.com,7IdznjcKCOWhydUH02Istz,4.26,289
1483,8,spotify.com,0y2IOSoxpgGJ3KZDrmat9p,4.25,283
1484,8,spotify.com,5oidljiMjeJTWUGZ4TfFea,4.24,153
1485,8,spotify.com,4yAVpNElPk8ml1zGwxtwxv,4.23,226
1486,8,spotify.com,0Q5YtY85lz5n7rQkeMNpoe,4.21,278
1487,8,spotify.com,0Bi6CgpgSVCRXwNLXNlRNl,4.20,133
1488,8,spotify.com,2MKqIFvHseB2VZgpdQdKsu,4.18,231
1489,8,spotify.com,7nnWIPM5hwE3DaUBkvOIpy,4.17,175
1490,8,spotify.com,4vTcPHQlE3zTULythSilu0,4.15,269
1491,8,spotify.com,4xT0Y1EOq5mwTI7Wm3GK6O,4.14,154
1492,8,spotify.com,1ExW9geJzAZZH0xzsWvCcw,4.13,226
1493,8,spotify.com,5MxNLUsfh7uzROypsoO5qe,4.12,191
1494,8,spotify.com,6yr8GiTHWvFfi4o6Q5ebdT,4.11,173
1495,8,spotify.com,42hwjij0VmBP3ngqoTrmvl,4.10,255
1496,8,spotify.com,4xp6O8cMjMZiIn0TrNC3ji,4.09,182
1497,8,spotify.com,1lKBe4bDNB61QkvZjPBYxJ,4.08,192
1498,8,spotify.com,5nHRIKsXDwUpse9gzrAxLR,4.07,175
1499,8,spotify.com,2gIVqrC5BG8BMeO9r1qtCr,4.06,162
1500,8,spotify.com,10ViidwjGLCfVtGPfdcszR,4.05,357
1501,8,spotify.com,2dgyv3NrDuKx0pc1E79Icb,4.04,245
1502,8,spotify.com,4zweVv3Wa6XgexhoUOzkYs,4.03,643
1503,8,spotify.com,1yjFanv1lKhZeh6XiGHx3e,4.02,155
1504,8,spotify.com,6KIb8bMOyN7pFplT0M3ffA,4.01,276
1505,8,spotify.com,6GTmGEAiR9pyWN5f1lgXSt,4.00,291
1506,8,spotify.com,22sfUgqzYlgZy9ngBn8pnp,3.99,195
1507,8,spotify.com,0KgciKBUO7Wl18eX4Ldhq7,3.98,204
1508,8,spotify.com,4N5FWMoa2VWSr0vWcPlZPG,3.97,148
1509,8,spotify.com,6dpIxqrlAzqXE9fNobR4N8,3.93,168
1510,8,spotify.com,4B6BzjDSurNtids9TU4jdE,3.92,107
1511,8,spotify.com,44oWUoJ61CgiH948b3pF6J,3.91,154
1512,8,spotify.com,1Q7apbyCNuDbZbd618dLtT,3.90,287
1513,8,spotify.com,0gOyllwzM7IvfuYZ903zNv,3.89,147
1514,8,spotify.com,6dMRmfwXYSEOxwTW4zhysj,3.88,167
1515,8,spotify.com,5xK7K6C2Gpme46F9paZH1t,3.87,165
1516,8,spotify.com,3w2o5tO1ThThRQUlPDgxqd,3.85,181
1517,8,spotify.com,7aTt1NuTHTGxgr16CKIH0U,3.84,187
1518,8,spotify.com,5GFnWMlpGcjhYi7jWOy7Tw,3.83,125
1519,8,spotify.com,0PMgaQFz7F8gvbLJheLXPj,3.81,128
1520,8,spotify.com,0cs7BfenkAuxTVJv96KMme,3.80,244
1521,8,spotify.com,4MOHOrZFnYeNcSGSl6UyPn,3.79,239
1522,8,spotify.com,22u5G8OqJ79IDaAJ269hZr,3.78,149
1523,8,spotify.com,3b8HFl9IaZp95TNPmCf0B2,3.77,187
1524,8,spotify.com,0ZEhlT9v8CdOKu55zhYGv9,3.76,167
1525,8,spotify.com,7D5n2kpYH2WSqIyEO9MeXf,3.75,136
1526,8,spotify.com,1zlXCEdVDBptIuMU8vqRnR,3.74,194
1527,8,spotify.com,3e5rEt48191MwuHWBDwOcZ,3.71,227
1528,8,spotify.com,11RmaYMwhL2noFcwjKvSZd,3.69,153
1529,8,spotify.com,0qNAiA1JEOPxcWP3KB4nsB,3.68,427
1530,8,spotify.com,6JM3Xc5AxYojZ4HHpgHN49,3.67,465
1531,8,spotify.com,0InFAWpnO2z5ZcO2zJUtIH,3.65,206
1532,8,spotify.com,2eoVXXCe2Uryug9QiXH0RI,3.64,106
1533,8,spotify.com,7eEXXED3AUJErvOSx9quZV,3.63,180
1534,8,spotify.com,0Fghw1Ky3HNSvj04EtPrnf,3.61,109
1535,8,spotify.com,0pjOjoHMJrerHhiXNRs3GK,3.60,217
1536,8,spotify.com,7968fxC9GmlqTiYRXT499O,3.59,236
1537,8,spotify.com,4fikIMteIThAsCtwkSJ75w,3.57,117
1538,8,spotify.com,24H5KPBdSvHQMRXTp12K3J,3.56,153
1539,8,spotify.com,5MzjN4pg411OErJ1U2F3bj,3.55,123
1540,8,spotify.com,1edBcTyZqUmrQ7SriwJzof,3.53,171
1541,8,spotify.com,1ng36571Iyov4HBxUClySn,3.52,41
1542,8,spotify.com,1Bq69dKQp8Kf3sMizZidaM,3.50,123
1543,8,spotify.com,1qfYG2JrchEyJiqKnkE7YQ,3.49,137
1544,8,spotify.com,4QbpBv2ka7Zpbrrl5QFAgy,3.48,270
1545,8,spotify.com,1NyFRrFiJAJIaR6icj1goI,3.45,182
1546,8,spotify.com,2mxd6wnlVwLyfm03OurmED,3.44,155
1547,8,spotify.com,5CGRCPBsqQWs6y5gYVKufI,3.43,220
1548,8,spotify.com,1ogUJHv5Nu9S6yC2Cv6Pvh,3.42,260
1549,8,spotify.com,5wBB0bSW7UOPUqma2gi9TZ,3.41,188
1550,8,spotify.com,1CRDfNPQbtCGcqeAAgBGdW,3.38,170
1551,8,spotify.com,2HwbtJXoVRn0DziJWKGl1e,3.37,841
1552,8,spotify.com,4iZqNWf2ztEYvw41wnF4Df,3.34,129
1553,8,spotify.com,2kbAFQ30mjhn1KulfJB7Vk,3.32,181
1554,8,spotify.com,1gS9gftIanh1oMvqwX2YKy,3.28,77
1555,8,spotify.com,00QWKBxVaKanCHV9Oag6f1,3.26,93
1556,8,spotify.com,2J1IxkhqZ2FnydAsvZjuhZ,3.25,107
1557,8,spotify.com,1RC7fHf78Ky6MXU9JKQaJG,3.24,98
1558,8,spotify.com,15wMCb6SftEF9EomcHff8A,3.22,622
1559,8,spotify.com,5AYXWbqQQsWr5c9ueY7ZAY,3.21,100
1560,8,spotify.com,2THkQauDWMvJgXFGPY4iKB,3.17,85
1561,8,spotify.com,2p0RE2pkZMajUQmg2M12jY,3.16,133
1562,8,spotify.com,6MI9unN5nm2KlfS0QUjOoe,3.15,249
1563,8,spotify.com,78DAnFAmuBbekO4LeuhRkR,3.14,114
1564,8,spotify.com,3hZtCzZtVULcdJkln9pm3l,3.13,124
1565,8,spotify.com,2BOeCUehEgKBNBDW2wo6pd,3.12,110
1566,8,spotify.com,3fuzzW18iqwVXgvVNnS8wN,3.10,21
1567,8,spotify.com,17xqcnBW4CdV6ARXLrKHWy,3.08,242
1568,8,spotify.com,69ciJGpXr2UZy3yEnUurbr,3.07,102
1569,8,spotify.com,2oe4EJqgddv1sqgz1iXIGj,3.06,93
1570,8,spotify.com,21FFj5GqlujABc0H06uN8j,3.03,33
1571,8,spotify.com,6pB1MSK6zXn2Hi3P2lRjgP,3.02,56
1572,1,spotify.com,4yAVpNElPk8ml1zGwxtwxv,5.00,142
1573,1,spotify.com,4zjJXRSu4u8rfQxkPMK07o,4.99,139
1574,1,spotify.com,1yjFanv1lKhZeh6XiGHx3e,4.98,104
1575,1,spotify.com,2tAIjFvRlHjP64J0DKWPJW,4.97,243
1576,1,spotify.com,5kD9T7GForh8LnRz5ClbL8,4.96,165
1577,1,spotify.com,2LTl1pU074hnzAdy0SpHAb,4.95,304
1578,1,spotify.com,2lwwrWVKdf3LR9lbbhnr6R,4.94,227
1579,1,spotify.com,7qdtmrXxaK0XR8AEeG1d0F,4.93,184
1580,1,spotify.com,39sUeHQoIGY6BEIcgTMRXW,4.92,159
1581,1,spotify.com,0KgciKBUO7Wl18eX4Ldhq7,4.91,131
1582,1,spotify.com,4N5FWMoa2VWSr0vWcPlZPG,4.90,110
1583,1,spotify.com,6HNruFQlzQx4ulL4ppRLYI,4.89,135
1584,1,spotify.com,2Ygs64z9ywJGakuKU8tr6o,4.88,310
1585,1,spotify.com,4LPUilkROHl6rI9uTytN9h,4.87,182
1586,1,spotify.com,0y2IOSoxpgGJ3KZDrmat9p,4.86,191
1587,1,spotify.com,0zVcgA0ug30pW6hBXtXKUL,4.85,225
1588,1,spotify.com,14UFeUG8RCx1XwSuGF9Tcs,4.84,234
1589,1,spotify.com,3jqFydCMZUOO1evtCsoKJH,4.83,235
1590,1,spotify.com,6zc7xLlx5rrEUgIuGa7DoR,4.82,208
1591,1,spotify.com,0KAFDq0iB2AII9PDhTHqNd,4.81,99
1592,1,spotify.com,0It6VJoMAare1zdV2wxqZq,4.80,119
1593,1,spotify.com,6jLGsYXIhfmWkqf0N3cxOF,4.79,228
1594,1,spotify.com,10ViidwjGLCfVtGPfdcszR,4.78,233
1595,1,spotify.com,1vcxF91pWs9uNwDROuiCPB,4.77,189
1596,1,spotify.com,3s9550inr2UyOtWWiBc89F,4.75,107
1597,1,spotify.com,2cSEVjG12sTBjXVJK0SF7Z,4.74,208
1598,1,spotify.com,5rb9QrpfcKFHM1EUbSIurX,4.73,130
1599,1,spotify.com,44HBcWA1jp22uKjKbwZd7Z,4.72,136
1600,1,spotify.com,0cfZEZwqwlXlvpbb0jTSVz,4.71,86
1601,1,spotify.com,0Q5YtY85lz5n7rQkeMNpoe,4.70,136
1602,1,spotify.com,5q2hniehVCcIbVL4efDCMY,4.69,279
1603,1,spotify.com,2UZ6MDDg3y5fTAzQU3YYfo,4.68,149
1604,1,spotify.com,3b8HFl9IaZp95TNPmCf0B2,4.67,144
1605,1,spotify.com,7aTt1NuTHTGxgr16CKIH0U,4.66,103
1606,1,spotify.com,44oWUoJ61CgiH948b3pF6J,4.64,101
1607,1,spotify.com,3kVRKixPYEjrerKc0MZPdK,4.62,211
1608,1,spotify.com,1ZwuLFPka2ijOPaBersU6K,4.60,242
1609,1,spotify.com,6KIb8bMOyN7pFplT0M3ffA,4.59,145
1610,1,spotify.com,6UxEOR3EzHo5YXzE1f12v9,4.58,218
1611,1,spotify.com,5ah63mDLedBAPJrPCxhtt5,4.57,289
1612,1,spotify.com,4VqPOruhp5EdPBeR92t6lQ,4.56,195
1613,1,spotify.com,1r1eut6GuXFFDbX0vd9NPv,4.55,271
1614,1,spotify.com,1NyFRrFiJAJIaR6icj1goI,4.54,116
1615,1,spotify.com,6Cv09gbV6mHXshhiHE1JO4,4.53,117
1616,1,spotify.com,0DCdMiGUOlZM8YRRF2kzR7,4.52,214
1617,1,spotify.com,2R7f66MfBXjr5DfL0g3u6J,4.51,97
1618,1,spotify.com,5vQXxfGn1bjv5WESrYVVpw,4.49,220
1619,1,spotify.com,2dgyv3NrDuKx0pc1E79Icb,4.47,145
1620,1,spotify.com,7GKz0H7kpekx07I5WCMDGJ,4.46,136
1621,1,spotify.com,3YGg9SjRxud5aWsEjllwXZ,4.45,101
1622,1,spotify.com,2TYC9SaRhYypUQzB1ZVTG2,4.44,348
1623,1,spotify.com,5dKBaysNJtfpyNTRa5lqDb,4.43,164
1624,1,spotify.com,3HOxJ3ZX23eTXXxLjrXNbY,4.42,130
1625,1,spotify.com,4zweVv3Wa6XgexhoUOzkYs,4.41,398
1626,1,spotify.com,5oidljiMjeJTWUGZ4TfFea,4.40,93
1627,1,spotify.com,2ffmPvnKZQqAOAEUo5Klpu,4.39,249
1628,1,spotify.com,2MKqIFvHseB2VZgpdQdKsu,4.37,135
1629,1,spotify.com,3EPZ5tHpCNueKcXmvXEDxi,4.36,157
1630,1,spotify.com,2gIVqrC5BG8BMeO9r1qtCr,4.35,92
1631,1,spotify.com,3e0wYnFxkqinmtXebYPMSt,4.34,282
1632,1,spotify.com,5nHRIKsXDwUpse9gzrAxLR,4.33,135
1633,1,spotify.com,6orRbaAgk8QyiXthlxsMnh,4.32,228
1634,1,spotify.com,0mWiuXuLAJ3Brin3Or2x6v,4.31,108
1635,1,spotify.com,4ar5OP7pkWN4BYGqW3GzTJ,4.30,138
1636,1,spotify.com,6GTmGEAiR9pyWN5f1lgXSt,4.29,183
1637,1,spotify.com,1bq6XxdA59f5qJS5mw67Sc,4.28,133
1638,1,spotify.com,1zOaxkbS1kAY1gIi0g8sOm,4.27,114
1639,1,spotify.com,5wBB0bSW7UOPUqma2gi9TZ,4.26,121
1640,1,spotify.com,5a8PsqWOuGh7FR1tC6UKUs,4.25,165
1641,1,spotify.com,4MOHOrZFnYeNcSGSl6UyPn,4.24,125
1642,1,spotify.com,6dpIxqrlAzqXE9fNobR4N8,4.23,107
1643,1,spotify.com,0ADZ5dmXhlfzjMw6lefoPl,4.22,102
1644,1,spotify.com,52TSjnEfXo40EzuylAhf6k,4.20,171
1645,1,spotify.com,5BP0oaQ1VhuaznT77CBXQp,4.19,84
1646,1,spotify.com,2M9ULmQwTaTGmAdXaXpfz5,4.18,258
1647,1,spotify.com,5iW1BuP8SARrIz6rmSdibY,4.17,107
1648,1,spotify.com,7IdznjcKCOWhydUH02Istz,4.16,198
1649,1,spotify.com,3e5rEt48191MwuHWBDwOcZ,4.15,140
1650,1,spotify.com,2PcMytOXfhvDm5XaXn8SPQ,4.14,175
1651,1,spotify.com,5MzjN4pg411OErJ1U2F3bj,4.13,75
1652,1,spotify.com,4fqej7naoDXIuulGZtjl1h,4.12,239
1653,1,spotify.com,1Q7apbyCNuDbZbd618dLtT,4.11,175
1654,1,spotify.com,4iZqNWf2ztEYvw41wnF4Df,4.10,75
1655,1,spotify.com,31Q9ZTF9x81BDonlObCbvP,4.09,150
1656,1,spotify.com,26nr9XnFCYWxBTIP7HyWXg,4.07,132
1657,1,spotify.com,4xT0Y1EOq5mwTI7Wm3GK6O,4.06,115
1658,1,spotify.com,4IrmWy6NFy5kpZC01rWcRx,4.05,138
1659,1,spotify.com,7dsSXKdehlHtTPwL1KUbvY,4.04,188
1660,1,spotify.com,57bJXivj8NfICIzPgNr08Z,4.03,100
1661,1,spotify.com,7IRtnqwBAUDuOsIlUSlQ7h,4.02,241
1662,1,spotify.com,576hBTV6sFsLOpoEaqW1Jv,4.01,239
1663,1,spotify.com,7FG74DheH8HaSXOS4OeQWj,4.00,134
1664,1,spotify.com,4I2GqMe7L2ccMpUbnDzYLH,3.99,176
1665,1,spotify.com,13o0DRf89gTEHrxL31Gh09,3.97,204
1666,1,spotify.com,0InFAWpnO2z5ZcO2zJUtIH,3.96,124
1667,1,spotify.com,4QbpBv2ka7Zpbrrl5QFAgy,3.95,159
1668,1,spotify.com,24H5KPBdSvHQMRXTp12K3J,3.94,77
1669,1,spotify.com,4VQu1ooCteGDynSZYUgvT4,3.93,103
1670,1,spotify.com,0MtVmhAx6CxNuxFIUc6Mj9,3.92,89
1671,1,spotify.com,42hwjij0VmBP3ngqoTrmvl,3.91,169
1672,1,spotify.com,79z9QkhHePTFsSeVw9uyj0,3.90,77
1673,1,spotify.com,7qOPap76B81KypLVabU8cQ,3.89,65
1674,1,spotify.com,2POxgf3UEPcTDAzlR0Ob7X,3.88,87
1675,1,spotify.com,76WRHOINx2bIcOgnwBKydI,3.87,85
1676,1,spotify.com,0C2eEsMBj78CLkHNJPjohc,3.86,75
1677,1,spotify.com,2BOeCUehEgKBNBDW2wo6pd,3.84,67
1678,1,spotify.com,6MrkFuXDTqWdrRJi3MyrE0,3.83,125
1679,1,spotify.com,4xp6O8cMjMZiIn0TrNC3ji,3.82,97
1680,1,spotify.com,4vTcPHQlE3zTULythSilu0,3.81,155
1681,1,spotify.com,1ogUJHv5Nu9S6yC2Cv6Pvh,3.80,126
1682,1,spotify.com,0qNAiA1JEOPxcWP3KB4nsB,3.79,273
1683,1,spotify.com,742elOBEMLPUtaGDumo5Qz,3.78,173
1684,1,spotify.com,2kbAFQ30mjhn1KulfJB7Vk,3.77,95
1685,1,spotify.com,0VZ9xPNa6ROafP6GYYuv2S,3.76,250
1686,1,spotify.com,1zlXCEdVDBptIuMU8vqRnR,3.75,125
1687,1,spotify.com,6JM3Xc5AxYojZ4HHpgHN49,3.74,271
1688,1,spotify.com,5fQQDsc1SxPYADUTD2EV2N,3.71,81
1689,1,spotify.com,5CGRCPBsqQWs6y5gYVKufI,3.70,124
1690,1,spotify.com,1CRDfNPQbtCGcqeAAgBGdW,3.69,91
1691,1,spotify.com,22sfUgqzYlgZy9ngBn8pnp,3.67,135
1692,1,spotify.com,7EYR17bHR2ZkJ8o2mKSJDU,3.66,169
1693,1,spotify.com,4WEqIwv2qr1UwTW468SRuw,3.64,83
1694,1,spotify.com,5MxNLUsfh7uzROypsoO5qe,3.62,111
1695,1,spotify.com,7lJcj7F7GuDye26vYSk1bM,3.61,168
1696,1,spotify.com,0ZEhlT9v8CdOKu55zhYGv9,3.60,74
1697,1,spotify.com,0cs7BfenkAuxTVJv96KMme,3.59,159
1698,1,spotify.com,2J1IxkhqZ2FnydAsvZjuhZ,3.58,69
1699,1,spotify.com,1Bq69dKQp8Kf3sMizZidaM,3.55,59
1700,1,spotify.com,1qfYG2JrchEyJiqKnkE7YQ,3.54,73
1701,1,spotify.com,51oGCkKff1Qu4WBX8Uuaby,3.50,40
1702,1,spotify.com,7w2vKDHjOCd9B7M5lGBYn5,3.49,92
1703,1,spotify.com,0pjOjoHMJrerHhiXNRs3GK,3.48,96
1704,1,spotify.com,1RsHl6tAFFMOw96MMStYfT,3.47,76
1705,1,spotify.com,1edBcTyZqUmrQ7SriwJzof,3.45,97
1706,1,spotify.com,1ExW9geJzAZZH0xzsWvCcw,3.44,119
1707,1,spotify.com,11RmaYMwhL2noFcwjKvSZd,3.43,101
1708,1,spotify.com,7eEXXED3AUJErvOSx9quZV,3.40,97
1709,1,spotify.com,17xqcnBW4CdV6ARXLrKHWy,3.37,177
1710,1,spotify.com,3w2o5tO1ThThRQUlPDgxqd,3.36,128
1711,1,spotify.com,2mxd6wnlVwLyfm03OurmED,3.35,71
1712,1,spotify.com,4B6BzjDSurNtids9TU4jdE,3.33,79
1713,1,spotify.com,2HwbtJXoVRn0DziJWKGl1e,3.26,532
1714,1,spotify.com,43mshkHAd4Nl8TQ1CBgraX,3.24,46
1715,1,spotify.com,43XKmLpXZazNLMI47aKjl9,3.23,51
1716,1,spotify.com,4fikIMteIThAsCtwkSJ75w,3.21,60
1717,1,spotify.com,3GpdNg7Krt9vjc6tgDoKe1,3.20,51
1718,1,spotify.com,17rf2oZYDVymJeYI9ftDXc,3.19,60
1719,1,spotify.com,0EKT63mcvEXuB5rxCW9pzP,3.18,73
1720,1,spotify.com,6MI9unN5nm2KlfS0QUjOoe,3.17,159
1721,1,spotify.com,3hZtCzZtVULcdJkln9pm3l,3.16,86
1722,1,spotify.com,15wMCb6SftEF9EomcHff8A,3.15,403
1723,1,spotify.com,7968fxC9GmlqTiYRXT499O,3.14,132
1724,1,spotify.com,2p0RE2pkZMajUQmg2M12jY,3.11,88
1725,1,spotify.com,0Fghw1Ky3HNSvj04EtPrnf,3.09,58
1726,1,spotify.com,7DX8J4uAEKKi4kkix2dQud,3.08,61
1727,1,spotify.com,3lbx13YshETqbBolc9Hc14,3.07,50
1728,1,spotify.com,2rqTnEjknxdHjKAXHMVTtP,3.06,25
1729,2,spotify.com,6UxEOR3EzHo5YXzE1f12v9,5.00,246
1730,2,spotify.com,3kVRKixPYEjrerKc0MZPdK,4.99,239
1731,2,spotify.com,1umy8LK9rPrGCQTtPLYE3t,4.98,140
1732,2,spotify.com,4zjJXRSu4u8rfQxkPMK07o,4.97,182
1733,2,spotify.com,6jLGsYXIhfmWkqf0N3cxOF,4.95,245
1734,2,spotify.com,4fqej7naoDXIuulGZtjl1h,4.94,272
1735,2,spotify.com,57bJXivj8NfICIzPgNr08Z,4.93,140
1736,2,spotify.com,4LPUilkROHl6rI9uTytN9h,4.91,201
1737,2,spotify.com,4N5FWMoa2VWSr0vWcPlZPG,4.90,126
1738,2,spotify.com,4IrmWy6NFy5kpZC01rWcRx,4.89,165
1739,2,spotify.com,2tAIjFvRlHjP64J0DKWPJW,4.88,250
1740,2,spotify.com,7IdznjcKCOWhydUH02Istz,4.87,196
1741,2,spotify.com,6orRbaAgk8QyiXthlxsMnh,4.86,250
1742,2,spotify.com,6HNruFQlzQx4ulL4ppRLYI,4.85,158
1743,2,spotify.com,6zc7xLlx5rrEUgIuGa7DoR,4.84,212
1744,2,spotify.com,6Cv09gbV6mHXshhiHE1JO4,4.83,122
1745,2,spotify.com,7aTt1NuTHTGxgr16CKIH0U,4.82,131
1746,2,spotify.com,5q2hniehVCcIbVL4efDCMY,4.81,338
1747,2,spotify.com,2Ygs64z9ywJGakuKU8tr6o,4.80,359
1748,2,spotify.com,6KIb8bMOyN7pFplT0M3ffA,4.79,178
1749,2,spotify.com,3jqFydCMZUOO1evtCsoKJH,4.78,262
1750,2,spotify.com,1ZwuLFPka2ijOPaBersU6K,4.77,263
1751,2,spotify.com,2LTl1pU074hnzAdy0SpHAb,4.76,354
1752,2,spotify.com,4xp6O8cMjMZiIn0TrNC3ji,4.75,115
1753,2,spotify.com,7lJcj7F7GuDye26vYSk1bM,4.74,201
1754,2,spotify.com,2ffmPvnKZQqAOAEUo5Klpu,4.73,267
1755,2,spotify.com,0g1o8gwJKmnIwrqigxjLUd,4.72,99
1756,2,spotify.com,4ar5OP7pkWN4BYGqW3GzTJ,4.71,153
1757,2,spotify.com,1bq6XxdA59f5qJS5mw67Sc,4.69,133
1758,2,spotify.com,6MrkFuXDTqWdrRJi3MyrE0,4.67,149
1759,2,spotify.com,3b8HFl9IaZp95TNPmCf0B2,4.65,135
1760,2,spotify.com,576hBTV6sFsLOpoEaqW1Jv,4.63,248
1761,2,spotify.com,4VqPOruhp5EdPBeR92t6lQ,4.61,237
1762,2,spotify.com,3e0wYnFxkqinmtXebYPMSt,4.60,337
1763,2,spotify.com,2MKqIFvHseB2VZgpdQdKsu,4.59,156
1764,2,spotify.com,0y2IOSoxpgGJ3KZDrmat9p,4.58,192
1765,2,spotify.com,14UFeUG8RCx1XwSuGF9Tcs,4.57,255
1766,2,spotify.com,6nCDnzErqalOaIY3EJM8NK,4.56,117
1767,2,spotify.com,39sUeHQoIGY6BEIcgTMRXW,4.55,164
1768,2,spotify.com,2lwwrWVKdf3LR9lbbhnr6R,4.54,258
1769,2,spotify.com,5dKBaysNJtfpyNTRa5lqDb,4.53,155
1770,2,spotify.com,1r1eut6GuXFFDbX0vd9NPv,4.52,302
1771,2,spotify.com,31Q9ZTF9x81BDonlObCbvP,4.51,161
1772,2,spotify.com,5iW1BuP8SARrIz6rmSdibY,4.50,125
1773,2,spotify.com,13o0DRf89gTEHrxL31Gh09,4.49,189
1774,2,spotify.com,2cSEVjG12sTBjXVJK0SF7Z,4.48,218
1775,2,spotify.com,0KAFDq0iB2AII9PDhTHqNd,4.46,137
1776,2,spotify.com,0KgciKBUO7Wl18eX4Ldhq7,4.45,139
1777,2,spotify.com,3w2o5tO1ThThRQUlPDgxqd,4.44,135
1778,2,spotify.com,2TYC9SaRhYypUQzB1ZVTG2,4.43,374
1779,2,spotify.com,5a8PsqWOuGh7FR1tC6UKUs,4.42,151
1780,2,spotify.com,4yAVpNElPk8ml1zGwxtwxv,4.41,150
1781,2,spotify.com,5ah63mDLedBAPJrPCxhtt5,4.40,324
1782,2,spotify.com,5rb9QrpfcKFHM1EUbSIurX,4.39,147
1783,2,spotify.com,5vQXxfGn1bjv5WESrYVVpw,4.38,275
1784,2,spotify.com,7GKz0H7kpekx07I5WCMDGJ,4.37,181
1785,2,spotify.com,0InFAWpnO2z5ZcO2zJUtIH,4.36,156
1786,2,spotify.com,1vcxF91pWs9uNwDROuiCPB,4.35,172
1787,2,spotify.com,3HOxJ3ZX23eTXXxLjrXNbY,4.34,129
1788,2,spotify.com,7qdtmrXxaK0XR8AEeG1d0F,4.33,230
1789,2,spotify.com,1ExW9geJzAZZH0xzsWvCcw,4.32,146
1790,2,spotify.com,4I2GqMe7L2ccMpUbnDzYLH,4.31,206
1791,2,spotify.com,1zOaxkbS1kAY1gIi0g8sOm,4.30,136
1792,2,spotify.com,7FG74DheH8HaSXOS4OeQWj,4.29,141
1793,2,spotify.com,2UZ6MDDg3y5fTAzQU3YYfo,4.28,171
1794,2,spotify.com,4MOHOrZFnYeNcSGSl6UyPn,4.27,154
1795,2,spotify.com,0Q5YtY85lz5n7rQkeMNpoe,4.26,172
1796,2,spotify.com,42hwjij0VmBP3ngqoTrmvl,4.25,183
1797,2,spotify.com,2M9ULmQwTaTGmAdXaXpfz5,4.24,259
1798,2,spotify.com,0zVcgA0ug30pW6hBXtXKUL,4.23,246
1799,2,spotify.com,22sfUgqzYlgZy9ngBn8pnp,4.22,142
1800,2,spotify.com,4VQu1ooCteGDynSZYUgvT4,4.21,130
1801,2,spotify.com,7dsSXKdehlHtTPwL1KUbvY,4.20,206
1802,2,spotify.com,4WEqIwv2qr1UwTW468SRuw,4.19,110
1803,2,spotify.com,5CGRCPBsqQWs6y5gYVKufI,4.18,121
1804,2,spotify.com,0cs7BfenkAuxTVJv96KMme,4.17,177
1805,2,spotify.com,0DCdMiGUOlZM8YRRF2kzR7,4.16,188
1806,2,spotify.com,6GTmGEAiR9pyWN5f1lgXSt,4.15,192
1807,2,spotify.com,0qNAiA1JEOPxcWP3KB4nsB,4.13,270
1808,2,spotify.com,0ZEhlT9v8CdOKu55zhYGv9,4.12,111
1809,2,spotify.com,0VZ9xPNa6ROafP6GYYuv2S,4.11,248
1810,2,spotify.com,7EYR17bHR2ZkJ8o2mKSJDU,4.10,181
1811,2,spotify.com,4zweVv3Wa6XgexhoUOzkYs,4.08,453
1812,2,spotify.com,2dgyv3NrDuKx0pc1E79Icb,4.07,157
1813,2,spotify.com,5oidljiMjeJTWUGZ4TfFea,4.06,110
1814,2,spotify.com,3EPZ5tHpCNueKcXmvXEDxi,4.05,159
1815,2,spotify.com,742elOBEMLPUtaGDumo5Qz,4.04,176
1816,2,spotify.com,0It6VJoMAare1zdV2wxqZq,4.03,130
1817,2,spotify.com,1Q7apbyCNuDbZbd618dLtT,4.02,168
1818,2,spotify.com,52TSjnEfXo40EzuylAhf6k,4.01,172
1819,2,spotify.com,6SkxGjgzMbD4cBtRpF6AAm,4.00,82
1820,2,spotify.com,5nHRIKsXDwUpse9gzrAxLR,3.99,133
1821,2,spotify.com,5kD9T7GForh8LnRz5ClbL8,3.98,209
1822,2,spotify.com,6dpIxqrlAzqXE9fNobR4N8,3.97,110
1823,2,spotify.com,5MxNLUsfh7uzROypsoO5qe,3.96,162
1824,2,spotify.com,4vTcPHQlE3zTULythSilu0,3.95,165
1825,2,spotify.com,3s9550inr2UyOtWWiBc89F,3.93,123
1826,2,spotify.com,2PcMytOXfhvDm5XaXn8SPQ,3.92,210
1827,2,spotify.com,44oWUoJ61CgiH948b3pF6J,3.91,108
1828,2,spotify.com,0Fghw1Ky3HNSvj04EtPrnf,3.90,75
1829,2,spotify.com,3e5rEt48191MwuHWBDwOcZ,3.89,161
1830,2,spotify.com,1NyFRrFiJAJIaR6icj1goI,3.87,152
1831,2,spotify.com,0pjOjoHMJrerHhiXNRs3GK,3.86,150
1832,2,spotify.com,6JM3Xc5AxYojZ4HHpgHN49,3.84,304
1833,2,spotify.com,11RmaYMwhL2noFcwjKvSZd,3.83,105
1834,2,spotify.com,2THkQauDWMvJgXFGPY4iKB,3.81,59
1835,2,spotify.com,7IRtnqwBAUDuOsIlUSlQ7h,3.80,250
1836,2,spotify.com,17rf2oZYDVymJeYI9ftDXc,3.78,78
1837,2,spotify.com,5BP0oaQ1VhuaznT77CBXQp,3.77,87
1838,2,spotify.com,15wMCb6SftEF9EomcHff8A,3.76,426
1839,2,spotify.com,1CRDfNPQbtCGcqeAAgBGdW,3.75,111
1840,2,spotify.com,4DYlTnsandJuDRseG6OE6t,3.74,61
1841,2,spotify.com,10ViidwjGLCfVtGPfdcszR,3.70,235
1842,2,spotify.com,4QbpBv2ka7Zpbrrl5QFAgy,3.68,168
1843,2,spotify.com,5CAoHSI4vAPh3g7qk5aQuT,3.67,89
1844,2,spotify.com,2J1IxkhqZ2FnydAsvZjuhZ,3.66,84
1845,2,spotify.com,5GFnWMlpGcjhYi7jWOy7Tw,3.64,85
1846,2,spotify.com,1ogUJHv5Nu9S6yC2Cv6Pvh,3.63,173
1847,2,spotify.com,1edBcTyZqUmrQ7SriwJzof,3.62,96
1848,2,spotify.com,24H5KPBdSvHQMRXTp12K3J,3.61,99
1849,2,spotify.com,17xqcnBW4CdV6ARXLrKHWy,3.60,186
1850,2,spotify.com,0FEVHpFTuSJUY59YQjZm2G,3.58,53
1851,2,spotify.com,7eEXXED3AUJErvOSx9quZV,3.57,122
1852,2,spotify.com,6MI9unN5nm2KlfS0QUjOoe,3.56,155
1853,2,spotify.com,2HwbtJXoVRn0DziJWKGl1e,3.55,603
1854,2,spotify.com,4xT0Y1EOq5mwTI7Wm3GK6O,3.52,109
1855,2,spotify.com,7968fxC9GmlqTiYRXT499O,3.51,156
1856,2,spotify.com,0gOyllwzM7IvfuYZ903zNv,3.49,95
1857,2,spotify.com,4fikIMteIThAsCtwkSJ75w,3.47,71
1858,2,spotify.com,4B6BzjDSurNtids9TU4jdE,3.46,81
1859,2,spotify.com,2mxd6wnlVwLyfm03OurmED,3.44,88
1860,2,spotify.com,5fQQDsc1SxPYADUTD2EV2N,3.42,86
1861,2,spotify.com,3hZtCzZtVULcdJkln9pm3l,3.41,98
1862,2,spotify.com,69ciJGpXr2UZy3yEnUurbr,3.36,80
1863,2,spotify.com,1zlXCEdVDBptIuMU8vqRnR,3.34,152
1864,2,spotify.com,4iZqNWf2ztEYvw41wnF4Df,3.32,61
1865,2,spotify.com,2kbAFQ30mjhn1KulfJB7Vk,3.29,126
1866,2,spotify.com,2oe4EJqgddv1sqgz1iXIGj,3.27,66
1867,2,spotify.com,5MzjN4pg411OErJ1U2F3bj,3.25,110
1868,2,spotify.com,2p0RE2pkZMajUQmg2M12jY,3.23,101
1869,2,spotify.com,70HxZbVnoyrfQ4dIWgcYMm,3.22,54
1870,2,spotify.com,5wBB0bSW7UOPUqma2gi9TZ,3.21,117
1871,2,spotify.com,3ZBSXNYdTZVaBUQI3E2rF6,3.13,52
1872,2,spotify.com,5yROQPPwCufE2zjsv4FAmv,3.10,59
1873,2,spotify.com,3lMaGMqCEIJmoQP7UxPCeE,3.09,38
1874,2,spotify.com,1NgvlkVfh6qgAeUbHstIAV,3.08,37
1875,2,spotify.com,4KoecuyOpZaNFZ0UqVsllc,3.07,31
1876,2,spotify.com,1RC7fHf78Ky6MXU9JKQaJG,3.06,67
1877,2,spotify.com,2BOeCUehEgKBNBDW2wo6pd,3.04,62
1878,2,spotify.com,1mBmd558ZnPKZx7Xk51oEa,3.03,50
1879,2,spotify.com,78DAnFAmuBbekO4LeuhRkR,3.02,68
1880,2,spotify.com,4Ctip22TNL8OzWy3MozIYp,3.01,6
